crawl,year,primary_language,is SEA?,pages,urls,%pages/crawl
CC-MAIN-2018-34,2018,ceb,TRUE,30629,30517,0.0011
CC-MAIN-2018-34,2018,eng,FALSE,1178882529,1161432337,43.8846
CC-MAIN-2018-34,2018,ind,TRUE,19876418,19670480,0.7399
CC-MAIN-2018-34,2018,jav,TRUE,31469,31373,0.0012
CC-MAIN-2018-34,2018,jpn,FALSE,143535898,142054611,5.3432
CC-MAIN-2018-34,2018,khm,TRUE,131955,130977,0.0049
CC-MAIN-2018-34,2018,kor,FALSE,15020842,14834806,0.5592
CC-MAIN-2018-34,2018,lao,TRUE,50900,50380,0.0019
CC-MAIN-2018-34,2018,mya,TRUE,213473,211957,0.0079
CC-MAIN-2018-34,2018,por,FALSE,53220076,52581446,1.9811
CC-MAIN-2018-34,2018,san,FALSE,44718,44187,0.0017
CC-MAIN-2018-34,2018,sun,TRUE,13950,13856,0.0005
CC-MAIN-2018-34,2018,tam,FALSE,802423,797970,0.0299
CC-MAIN-2018-34,2018,tgl,TRUE,209645,209005,0.0078
CC-MAIN-2018-34,2018,tha,TRUE,8536698,8473274,0.3178
CC-MAIN-2018-34,2018,vie,TRUE,20055433,19903903,0.7466
CC-MAIN-2018-34,2018,war,TRUE,54391,54016,0.002
CC-MAIN-2018-34,2018,zho,FALSE,113531714,113023462,4.2263
CC-MAIN-2018-39,2018,ceb,TRUE,37808,37733,0.0013
CC-MAIN-2018-39,2018,eng,FALSE,1280182051,1262729057,45.0579
CC-MAIN-2018-39,2018,ind,TRUE,21105983,20905174,0.7429
CC-MAIN-2018-39,2018,jav,TRUE,34621,34527,0.0012
CC-MAIN-2018-39,2018,jpn,FALSE,156919435,155729928,5.523
CC-MAIN-2018-39,2018,khm,TRUE,183198,176086,0.0064
CC-MAIN-2018-39,2018,kor,FALSE,16888642,16780060,0.5944
CC-MAIN-2018-39,2018,lao,TRUE,104226,103445,0.0037
CC-MAIN-2018-39,2018,mya,TRUE,357586,352523,0.0126
CC-MAIN-2018-39,2018,por,FALSE,57804447,57212159,2.0345
CC-MAIN-2018-39,2018,san,FALSE,57625,57369,0.002
CC-MAIN-2018-39,2018,sun,TRUE,17175,17125,0.0006
CC-MAIN-2018-39,2018,tam,FALSE,1454180,1420041,0.0512
CC-MAIN-2018-39,2018,tgl,TRUE,193633,190758,0.0068
CC-MAIN-2018-39,2018,tha,TRUE,8253600,8193071,0.2905
CC-MAIN-2018-39,2018,vie,TRUE,21243376,21109045,0.7477
CC-MAIN-2018-39,2018,war,TRUE,61664,61239,0.0022
CC-MAIN-2018-39,2018,zho,FALSE,129632990,129097780,4.5626
CC-MAIN-2018-43,2018,ceb,TRUE,44977,44903,0.0015
CC-MAIN-2018-43,2018,eng,FALSE,1311380573,1294592847,43.1122
CC-MAIN-2018-43,2018,ind,TRUE,22917168,22755378,0.7534
CC-MAIN-2018-43,2018,jav,TRUE,36872,36789,0.0012
CC-MAIN-2018-43,2018,jpn,FALSE,164699835,163294150,5.4146
CC-MAIN-2018-43,2018,khm,TRUE,153324,151963,0.005
CC-MAIN-2018-43,2018,kor,FALSE,18346237,18263754,0.6031
CC-MAIN-2018-43,2018,lao,TRUE,66004,65644,0.0022
CC-MAIN-2018-43,2018,mya,TRUE,259516,258698,0.0085
CC-MAIN-2018-43,2018,por,FALSE,59355355,58778355,1.9513
CC-MAIN-2018-43,2018,san,FALSE,54603,54321,0.0018
CC-MAIN-2018-43,2018,sun,TRUE,15334,15280,0.0005
CC-MAIN-2018-43,2018,tam,FALSE,948012,943318,0.0312
CC-MAIN-2018-43,2018,tgl,TRUE,193991,193200,0.0064
CC-MAIN-2018-43,2018,tha,TRUE,8947278,8884873,0.2941
CC-MAIN-2018-43,2018,vie,TRUE,23250258,23088890,0.7644
CC-MAIN-2018-43,2018,war,TRUE,60876,60358,0.002
CC-MAIN-2018-43,2018,zho,FALSE,158122717,157483503,5.1984
CC-MAIN-2018-47,2018,ceb,TRUE,29765,29672,0.0011
CC-MAIN-2018-47,2018,eng,FALSE,1154728121,1137824732,43.6311
CC-MAIN-2018-47,2018,ind,TRUE,20444991,20274722,0.7725
CC-MAIN-2018-47,2018,jav,TRUE,35740,35618,0.0014
CC-MAIN-2018-47,2018,jpn,FALSE,147812347,146337305,5.5851
CC-MAIN-2018-47,2018,khm,TRUE,165802,165064,0.0063
CC-MAIN-2018-47,2018,kor,FALSE,15393324,15320431,0.5816
CC-MAIN-2018-47,2018,lao,TRUE,74426,74137,0.0028
CC-MAIN-2018-47,2018,mya,TRUE,257888,257155,0.0097
CC-MAIN-2018-47,2018,por,FALSE,52368242,51836029,1.9787
CC-MAIN-2018-47,2018,san,FALSE,62436,62099,0.0024
CC-MAIN-2018-47,2018,sun,TRUE,15229,15123,0.0006
CC-MAIN-2018-47,2018,tam,FALSE,1251200,1247517,0.0473
CC-MAIN-2018-47,2018,tgl,TRUE,176644,176051,0.0067
CC-MAIN-2018-47,2018,tha,TRUE,7860020,7810827,0.297
CC-MAIN-2018-47,2018,vie,TRUE,20399254,20233938,0.7708
CC-MAIN-2018-47,2018,war,TRUE,58213,57624,0.0022
CC-MAIN-2018-47,2018,zho,FALSE,130515854,129869269,4.9315
CC-MAIN-2018-51,2018,ceb,TRUE,42006,41908,0.0013
CC-MAIN-2018-51,2018,eng,FALSE,1394067798,1374809417,44.0568
CC-MAIN-2018-51,2018,ind,TRUE,22958101,22783179,0.7255
CC-MAIN-2018-51,2018,jav,TRUE,39729,39462,0.0013
CC-MAIN-2018-51,2018,jpn,FALSE,170080108,168634995,5.3751
CC-MAIN-2018-51,2018,khm,TRUE,164425,163878,0.0052
CC-MAIN-2018-51,2018,kor,FALSE,18735338,18646657,0.5921
CC-MAIN-2018-51,2018,lao,TRUE,74237,74006,0.0023
CC-MAIN-2018-51,2018,mya,TRUE,260809,260105,0.0082
CC-MAIN-2018-51,2018,por,FALSE,62632790,62008236,1.9794
CC-MAIN-2018-51,2018,san,FALSE,65734,65407,0.0021
CC-MAIN-2018-51,2018,sun,TRUE,19109,19033,0.0006
CC-MAIN-2018-51,2018,tam,FALSE,943157,937890,0.0298
CC-MAIN-2018-51,2018,tgl,TRUE,217071,216561,0.0069
CC-MAIN-2018-51,2018,tha,TRUE,9065937,9000602,0.2865
CC-MAIN-2018-51,2018,vie,TRUE,22967366,22812746,0.7258
CC-MAIN-2018-51,2018,war,TRUE,75145,74423,0.0024
CC-MAIN-2018-51,2018,zho,FALSE,163796048,162978648,5.1765
CC-MAIN-2019-04,2019,ceb,TRUE,33742,33648,0.0012
CC-MAIN-2019-04,2019,eng,FALSE,1261630435,1247295383,43.6592
CC-MAIN-2019-04,2019,ind,TRUE,22316326,22115139,0.7723
CC-MAIN-2019-04,2019,jav,TRUE,25703,25603,0.0009
CC-MAIN-2019-04,2019,jpn,FALSE,150258880,149164371,5.1998
CC-MAIN-2019-04,2019,khm,TRUE,170181,169542,0.0059
CC-MAIN-2019-04,2019,kor,FALSE,18239723,18137186,0.6312
CC-MAIN-2019-04,2019,lao,TRUE,74728,73622,0.0026
CC-MAIN-2019-04,2019,mya,TRUE,273644,272478,0.0095
CC-MAIN-2019-04,2019,por,FALSE,60013787,59509590,2.0768
CC-MAIN-2019-04,2019,san,FALSE,60631,58774,0.0021
CC-MAIN-2019-04,2019,sun,TRUE,16231,16165,0.0006
CC-MAIN-2019-04,2019,tam,FALSE,1142995,1138136,0.0396
CC-MAIN-2019-04,2019,tgl,TRUE,184448,184049,0.0064
CC-MAIN-2019-04,2019,tha,TRUE,8982275,8925311,0.3108
CC-MAIN-2019-04,2019,vie,TRUE,22537844,22400399,0.7799
CC-MAIN-2019-04,2019,war,TRUE,63248,62821,0.0022
CC-MAIN-2019-04,2019,zho,FALSE,143722702,143003949,4.9736
CC-MAIN-2019-09,2019,ceb,TRUE,26742,26611,0.0009
CC-MAIN-2019-09,2019,eng,FALSE,1257255357,1242094925,43.1493
CC-MAIN-2019-09,2019,ind,TRUE,22375932,22193292,0.7679
CC-MAIN-2019-09,2019,jav,TRUE,33397,33286,0.0011
CC-MAIN-2019-09,2019,jpn,FALSE,153253941,152258335,5.2597
CC-MAIN-2019-09,2019,khm,TRUE,187166,186074,0.0064
CC-MAIN-2019-09,2019,kor,FALSE,19672830,19398122,0.6752
CC-MAIN-2019-09,2019,lao,TRUE,66052,65774,0.0023
CC-MAIN-2019-09,2019,mya,TRUE,249669,248874,0.0086
CC-MAIN-2019-09,2019,por,FALSE,57708722,57232264,1.9806
CC-MAIN-2019-09,2019,san,FALSE,64458,64101,0.0022
CC-MAIN-2019-09,2019,sun,TRUE,16336,16141,0.0006
CC-MAIN-2019-09,2019,tam,FALSE,1042166,1036812,0.0358
CC-MAIN-2019-09,2019,tgl,TRUE,173038,172408,0.0059
CC-MAIN-2019-09,2019,tha,TRUE,8831222,8776560,0.3031
CC-MAIN-2019-09,2019,vie,TRUE,21591514,21466343,0.741
CC-MAIN-2019-09,2019,war,TRUE,69042,68558,0.0024
CC-MAIN-2019-09,2019,zho,FALSE,153566522,152968363,5.2704
CC-MAIN-2019-13,2019,ceb,TRUE,20211,20181,0.0008
CC-MAIN-2019-13,2019,eng,FALSE,1116378406,1102436383,43.4442
CC-MAIN-2019-13,2019,ind,TRUE,18516052,18378744,0.7206
CC-MAIN-2019-13,2019,jav,TRUE,24734,24681,0.001
CC-MAIN-2019-13,2019,jpn,FALSE,131044910,130118271,5.0997
CC-MAIN-2019-13,2019,khm,TRUE,153218,152633,0.006
CC-MAIN-2019-13,2019,kor,FALSE,15425958,15350196,0.6003
CC-MAIN-2019-13,2019,lao,TRUE,62871,62754,0.0024
CC-MAIN-2019-13,2019,mya,TRUE,225428,224927,0.0088
CC-MAIN-2019-13,2019,por,FALSE,51550216,51098879,2.0061
CC-MAIN-2019-13,2019,san,FALSE,56926,56689,0.0022
CC-MAIN-2019-13,2019,sun,TRUE,12740,12654,0.0005
CC-MAIN-2019-13,2019,tam,FALSE,826726,823095,0.0322
CC-MAIN-2019-13,2019,tgl,TRUE,129980,129523,0.0051
CC-MAIN-2019-13,2019,tha,TRUE,7951434,7903620,0.3094
CC-MAIN-2019-13,2019,vie,TRUE,18846887,18726949,0.7334
CC-MAIN-2019-13,2019,war,TRUE,46628,46257,0.0018
CC-MAIN-2019-13,2019,zho,FALSE,157814842,157016563,6.1414
CC-MAIN-2019-18,2019,ceb,TRUE,61906,61831,0.0025
CC-MAIN-2019-18,2019,eng,FALSE,1126498542,1112968124,45.0993
CC-MAIN-2019-18,2019,ind,TRUE,18141533,18000985,0.7263
CC-MAIN-2019-18,2019,jav,TRUE,41317,41156,0.0017
CC-MAIN-2019-18,2019,jpn,FALSE,122166512,121243648,4.8909
CC-MAIN-2019-18,2019,khm,TRUE,158457,157827,0.0063
CC-MAIN-2019-18,2019,kor,FALSE,14315020,14252279,0.5731
CC-MAIN-2019-18,2019,lao,TRUE,53287,52869,0.0021
CC-MAIN-2019-18,2019,mya,TRUE,211890,211075,0.0085
CC-MAIN-2019-18,2019,por,FALSE,49315667,48893638,1.9743
CC-MAIN-2019-18,2019,san,FALSE,65249,64934,0.0026
CC-MAIN-2019-18,2019,sun,TRUE,18089,18027,0.0007
CC-MAIN-2019-18,2019,tam,FALSE,879425,875602,0.0352
CC-MAIN-2019-18,2019,tgl,TRUE,133085,132266,0.0053
CC-MAIN-2019-18,2019,tha,TRUE,7536535,7490872,0.3017
CC-MAIN-2019-18,2019,vie,TRUE,16818166,16702450,0.6733
CC-MAIN-2019-18,2019,war,TRUE,96563,95919,0.0039
CC-MAIN-2019-18,2019,zho,FALSE,134706960,133812654,5.393
CC-MAIN-2019-22,2019,ceb,TRUE,53237,53145,0.002
CC-MAIN-2019-22,2019,eng,FALSE,1176031248,1161556713,43.8859
CC-MAIN-2019-22,2019,ind,TRUE,20103106,19960836,0.7502
CC-MAIN-2019-22,2019,jav,TRUE,39594,39510,0.0015
CC-MAIN-2019-22,2019,jpn,FALSE,128776829,127866093,4.8056
CC-MAIN-2019-22,2019,khm,TRUE,178073,177198,0.0066
CC-MAIN-2019-22,2019,kor,FALSE,17184062,17114736,0.6413
CC-MAIN-2019-22,2019,lao,TRUE,58293,58129,0.0022
CC-MAIN-2019-22,2019,mya,TRUE,233106,231969,0.0087
CC-MAIN-2019-22,2019,por,FALSE,55799887,55291409,2.0823
CC-MAIN-2019-22,2019,san,FALSE,82748,82274,0.0031
CC-MAIN-2019-22,2019,sun,TRUE,18041,17978,0.0007
CC-MAIN-2019-22,2019,tam,FALSE,947182,941186,0.0353
CC-MAIN-2019-22,2019,tgl,TRUE,118937,118103,0.0044
CC-MAIN-2019-22,2019,tha,TRUE,8112677,8065415,0.3027
CC-MAIN-2019-22,2019,vie,TRUE,19951410,19808533,0.7445
CC-MAIN-2019-22,2019,war,TRUE,70213,69854,0.0026
CC-MAIN-2019-22,2019,zho,FALSE,175824791,174877419,6.5612
CC-MAIN-2019-26,2019,ceb,TRUE,49642,49598,0.0019
CC-MAIN-2019-26,2019,eng,FALSE,1147050796,1134805773,44.2149
CC-MAIN-2019-26,2019,ind,TRUE,19091802,18949091,0.7359
CC-MAIN-2019-26,2019,jav,TRUE,48169,47465,0.0019
CC-MAIN-2019-26,2019,jpn,FALSE,124539626,123793292,4.8006
CC-MAIN-2019-26,2019,khm,TRUE,185207,184483,0.0071
CC-MAIN-2019-26,2019,kor,FALSE,17365914,17301003,0.6694
CC-MAIN-2019-26,2019,lao,TRUE,71005,70515,0.0027
CC-MAIN-2019-26,2019,mya,TRUE,265270,263997,0.0102
CC-MAIN-2019-26,2019,por,FALSE,55433875,55012622,2.1368
CC-MAIN-2019-26,2019,san,FALSE,71707,71283,0.0028
CC-MAIN-2019-26,2019,sun,TRUE,25889,25541,0.001
CC-MAIN-2019-26,2019,tam,FALSE,1047595,1039067,0.0404
CC-MAIN-2019-26,2019,tgl,TRUE,149218,148761,0.0058
CC-MAIN-2019-26,2019,tha,TRUE,7917976,7873392,0.3052
CC-MAIN-2019-26,2019,vie,TRUE,18782670,18650626,0.724
CC-MAIN-2019-26,2019,war,TRUE,115176,114605,0.0044
CC-MAIN-2019-26,2019,zho,FALSE,156054302,155017345,6.0154
CC-MAIN-2019-30,2019,ceb,TRUE,62761,62704,0.0024
CC-MAIN-2019-30,2019,eng,FALSE,1156022925,1143473951,44.5516
CC-MAIN-2019-30,2019,ind,TRUE,19965548,19799218,0.7694
CC-MAIN-2019-30,2019,jav,TRUE,46605,46501,0.0018
CC-MAIN-2019-30,2019,jpn,FALSE,121452791,120649489,4.6806
CC-MAIN-2019-30,2019,khm,TRUE,213656,212400,0.0082
CC-MAIN-2019-30,2019,kor,FALSE,17352160,17284388,0.6687
CC-MAIN-2019-30,2019,lao,TRUE,79528,79345,0.0031
CC-MAIN-2019-30,2019,mya,TRUE,270266,268077,0.0104
CC-MAIN-2019-30,2019,por,FALSE,55124567,54702179,2.1244
CC-MAIN-2019-30,2019,san,FALSE,78061,77036,0.003
CC-MAIN-2019-30,2019,sun,TRUE,25024,24987,0.001
CC-MAIN-2019-30,2019,tam,FALSE,1103131,1096482,0.0425
CC-MAIN-2019-30,2019,tgl,TRUE,138195,137358,0.0053
CC-MAIN-2019-30,2019,tha,TRUE,8015518,7968735,0.3089
CC-MAIN-2019-30,2019,vie,TRUE,18935668,18802563,0.7298
CC-MAIN-2019-30,2019,war,TRUE,89568,89106,0.0035
CC-MAIN-2019-30,2019,zho,FALSE,165765190,164654228,6.3884
CC-MAIN-2019-35,2019,ceb,TRUE,48967,48876,0.0017
CC-MAIN-2019-35,2019,eng,FALSE,1292878331,1278892583,43.7547
CC-MAIN-2019-35,2019,ind,TRUE,22023338,21869459,0.7453
CC-MAIN-2019-35,2019,jav,TRUE,63296,62937,0.0021
CC-MAIN-2019-35,2019,jpn,FALSE,139528882,138521544,4.7221
CC-MAIN-2019-35,2019,khm,TRUE,270607,269363,0.0092
CC-MAIN-2019-35,2019,kor,FALSE,21727555,21639546,0.7353
CC-MAIN-2019-35,2019,lao,TRUE,97920,97753,0.0033
CC-MAIN-2019-35,2019,mya,TRUE,312765,311298,0.0106
CC-MAIN-2019-35,2019,por,FALSE,59847290,59377082,2.0254
CC-MAIN-2019-35,2019,san,FALSE,87598,87261,0.003
CC-MAIN-2019-35,2019,sun,TRUE,36989,36715,0.0013
CC-MAIN-2019-35,2019,tam,FALSE,1251112,1242357,0.0423
CC-MAIN-2019-35,2019,tgl,TRUE,177521,176477,0.006
CC-MAIN-2019-35,2019,tha,TRUE,9297938,9243272,0.3147
CC-MAIN-2019-35,2019,vie,TRUE,22485123,22325274,0.761
CC-MAIN-2019-35,2019,war,TRUE,134263,133849,0.0045
CC-MAIN-2019-35,2019,zho,FALSE,235739707,234353838,7.9781
CC-MAIN-2019-39,2019,ceb,TRUE,61772,61690,0.0024
CC-MAIN-2019-39,2019,eng,FALSE,1125378295,1113867957,43.9418
CC-MAIN-2019-39,2019,ind,TRUE,18932863,18805346,0.7393
CC-MAIN-2019-39,2019,jav,TRUE,51502,51375,0.002
CC-MAIN-2019-39,2019,jpn,FALSE,118155238,117319333,4.6135
CC-MAIN-2019-39,2019,khm,TRUE,241401,240647,0.0094
CC-MAIN-2019-39,2019,kor,FALSE,19045934,18968952,0.7437
CC-MAIN-2019-39,2019,lao,TRUE,91163,91030,0.0036
CC-MAIN-2019-39,2019,mya,TRUE,289854,288232,0.0113
CC-MAIN-2019-39,2019,por,FALSE,54582139,54160714,2.1312
CC-MAIN-2019-39,2019,san,FALSE,88850,87372,0.0035
CC-MAIN-2019-39,2019,sun,TRUE,35219,35081,0.0014
CC-MAIN-2019-39,2019,tam,FALSE,1173244,1166632,0.0458
CC-MAIN-2019-39,2019,tgl,TRUE,165636,164904,0.0065
CC-MAIN-2019-39,2019,tha,TRUE,8010553,7964062,0.3128
CC-MAIN-2019-39,2019,vie,TRUE,18359382,18231675,0.7169
CC-MAIN-2019-39,2019,war,TRUE,91962,91695,0.0036
CC-MAIN-2019-39,2019,zho,FALSE,175896132,174677752,6.8681
CC-MAIN-2019-43,2019,ceb,TRUE,65435,65390,0.0022
CC-MAIN-2019-43,2019,eng,FALSE,1305246368,1292378111,43.2339
CC-MAIN-2019-43,2019,ind,TRUE,21183230,21035431,0.7017
CC-MAIN-2019-43,2019,jav,TRUE,63555,63365,0.0021
CC-MAIN-2019-43,2019,jpn,FALSE,139070396,138108858,4.6064
CC-MAIN-2019-43,2019,khm,TRUE,267902,266781,0.0089
CC-MAIN-2019-43,2019,kor,FALSE,23313095,23230908,0.7722
CC-MAIN-2019-43,2019,lao,TRUE,109727,109283,0.0036
CC-MAIN-2019-43,2019,mya,TRUE,330804,329835,0.011
CC-MAIN-2019-43,2019,por,FALSE,60860932,60381112,2.0159
CC-MAIN-2019-43,2019,san,FALSE,114002,113623,0.0038
CC-MAIN-2019-43,2019,sun,TRUE,35085,34877,0.0012
CC-MAIN-2019-43,2019,tam,FALSE,1426462,1418179,0.0472
CC-MAIN-2019-43,2019,tgl,TRUE,199991,199369,0.0066
CC-MAIN-2019-43,2019,tha,TRUE,10740949,10658331,0.3558
CC-MAIN-2019-43,2019,vie,TRUE,22317510,22157832,0.7392
CC-MAIN-2019-43,2019,war,TRUE,118778,118537,0.0039
CC-MAIN-2019-43,2019,zho,FALSE,277288657,275925883,9.1847
CC-MAIN-2019-47,2019,ceb,TRUE,101306,101232,0.0039
CC-MAIN-2019-47,2019,eng,FALSE,1133575107,1121843398,43.7573
CC-MAIN-2019-47,2019,ind,TRUE,19453652,19313802,0.7509
CC-MAIN-2019-47,2019,jav,TRUE,54359,54275,0.0021
CC-MAIN-2019-47,2019,jpn,FALSE,116548182,115801570,4.4989
CC-MAIN-2019-47,2019,khm,TRUE,222440,215984,0.0086
CC-MAIN-2019-47,2019,kor,FALSE,19183876,19094013,0.7405
CC-MAIN-2019-47,2019,lao,TRUE,94707,89953,0.0037
CC-MAIN-2019-47,2019,mya,TRUE,295187,291042,0.0114
CC-MAIN-2019-47,2019,por,FALSE,55667619,55248827,2.1488
CC-MAIN-2019-47,2019,san,FALSE,97235,96924,0.0038
CC-MAIN-2019-47,2019,sun,TRUE,31491,31287,0.0012
CC-MAIN-2019-47,2019,tam,FALSE,1150511,1145577,0.0444
CC-MAIN-2019-47,2019,tgl,TRUE,164480,164030,0.0063
CC-MAIN-2019-47,2019,tha,TRUE,8743485,8688960,0.3375
CC-MAIN-2019-47,2019,vie,TRUE,19206124,19043596,0.7414
CC-MAIN-2019-47,2019,war,TRUE,87816,87511,0.0034
CC-MAIN-2019-47,2019,zho,FALSE,203704135,202699828,7.8632
CC-MAIN-2019-51,2019,ceb,TRUE,108330,108313,0.0044
CC-MAIN-2019-51,2019,eng,FALSE,1077214925,1066854082,43.5783
CC-MAIN-2019-51,2019,ind,TRUE,17918044,17796989,0.7249
CC-MAIN-2019-51,2019,jav,TRUE,60060,60013,0.0024
CC-MAIN-2019-51,2019,jpn,FALSE,110066223,109409645,4.4527
CC-MAIN-2019-51,2019,khm,TRUE,209200,205720,0.0085
CC-MAIN-2019-51,2019,kor,FALSE,19704683,19620034,0.7971
CC-MAIN-2019-51,2019,lao,TRUE,84977,81580,0.0034
CC-MAIN-2019-51,2019,mya,TRUE,372723,367657,0.0151
CC-MAIN-2019-51,2019,por,FALSE,52296623,51937970,2.1156
CC-MAIN-2019-51,2019,san,FALSE,73253,73122,0.003
CC-MAIN-2019-51,2019,sun,TRUE,32422,32260,0.0013
CC-MAIN-2019-51,2019,tam,FALSE,1161279,1157454,0.047
CC-MAIN-2019-51,2019,tgl,TRUE,173164,172689,0.007
CC-MAIN-2019-51,2019,tha,TRUE,8311885,8258065,0.3363
CC-MAIN-2019-51,2019,vie,TRUE,18609154,18464444,0.7528
CC-MAIN-2019-51,2019,war,TRUE,106468,106249,0.0043
CC-MAIN-2019-51,2019,zho,FALSE,206893092,205955109,8.3698
CC-MAIN-2020-05,2020,ceb,TRUE,94296,94275,0.003
CC-MAIN-2020-05,2020,eng,FALSE,1369923445,1355999659,44.1754
CC-MAIN-2020-05,2020,ind,TRUE,22793912,22612403,0.735
CC-MAIN-2020-05,2020,jav,TRUE,72000,71874,0.0023
CC-MAIN-2020-05,2020,jpn,FALSE,144490249,143586999,4.6593
CC-MAIN-2020-05,2020,khm,TRUE,242996,239696,0.0078
CC-MAIN-2020-05,2020,kor,FALSE,23755322,23636221,0.766
CC-MAIN-2020-05,2020,lao,TRUE,95936,93829,0.0031
CC-MAIN-2020-05,2020,mya,TRUE,386261,378884,0.0125
CC-MAIN-2020-05,2020,por,FALSE,67169667,66652285,2.166
CC-MAIN-2020-05,2020,san,FALSE,89000,88382,0.0029
CC-MAIN-2020-05,2020,sun,TRUE,38892,38801,0.0013
CC-MAIN-2020-05,2020,tam,FALSE,1422056,1413596,0.0459
CC-MAIN-2020-05,2020,tgl,TRUE,202997,202384,0.0065
CC-MAIN-2020-05,2020,tha,TRUE,10147301,10073065,0.3272
CC-MAIN-2020-05,2020,vie,TRUE,23056197,22857612,0.7435
CC-MAIN-2020-05,2020,war,TRUE,133950,133582,0.0043
CC-MAIN-2020-05,2020,zho,FALSE,222817090,221713019,7.1851
CC-MAIN-2020-10,2020,ceb,TRUE,69004,68957,0.0026
CC-MAIN-2020-10,2020,eng,FALSE,1118115804,1107143745,42.5145
CC-MAIN-2020-10,2020,ind,TRUE,18548274,18417578,0.7053
CC-MAIN-2020-10,2020,jav,TRUE,43988,43902,0.0017
CC-MAIN-2020-10,2020,jpn,FALSE,127916585,127209550,4.8638
CC-MAIN-2020-10,2020,khm,TRUE,210690,209540,0.008
CC-MAIN-2020-10,2020,kor,FALSE,21573992,21484980,0.8203
CC-MAIN-2020-10,2020,lao,TRUE,66561,66419,0.0025
CC-MAIN-2020-10,2020,mya,TRUE,279283,278355,0.0106
CC-MAIN-2020-10,2020,por,FALSE,56209517,55818467,2.1373
CC-MAIN-2020-10,2020,san,FALSE,76372,76150,0.0029
CC-MAIN-2020-10,2020,sun,TRUE,25289,25184,0.001
CC-MAIN-2020-10,2020,tam,FALSE,1104975,1101554,0.042
CC-MAIN-2020-10,2020,tgl,TRUE,142301,141635,0.0054
CC-MAIN-2020-10,2020,tha,TRUE,8605611,8555705,0.3272
CC-MAIN-2020-10,2020,vie,TRUE,18745307,18602585,0.7128
CC-MAIN-2020-10,2020,war,TRUE,74135,73716,0.0028
CC-MAIN-2020-10,2020,zho,FALSE,235369023,234400870,8.9495
CC-MAIN-2020-16,2020,ceb,TRUE,43089,43058,0.0015
CC-MAIN-2020-16,2020,eng,FALSE,1230417570,1218716211,42.6305
CC-MAIN-2020-16,2020,ind,TRUE,20893943,20759962,0.7239
CC-MAIN-2020-16,2020,jav,TRUE,60922,60877,0.0021
CC-MAIN-2020-16,2020,jpn,FALSE,138240687,137395531,4.7897
CC-MAIN-2020-16,2020,khm,TRUE,212589,210426,0.0074
CC-MAIN-2020-16,2020,kor,FALSE,21135259,21030198,0.7323
CC-MAIN-2020-16,2020,lao,TRUE,75607,75425,0.0026
CC-MAIN-2020-16,2020,mya,TRUE,320266,318973,0.0111
CC-MAIN-2020-16,2020,por,FALSE,61266196,60810740,2.1227
CC-MAIN-2020-16,2020,san,FALSE,86167,85240,0.003
CC-MAIN-2020-16,2020,sun,TRUE,33933,33831,0.0012
CC-MAIN-2020-16,2020,tam,FALSE,1167799,1161729,0.0405
CC-MAIN-2020-16,2020,tgl,TRUE,185565,184297,0.0064
CC-MAIN-2020-16,2020,tha,TRUE,8689641,8638234,0.3011
CC-MAIN-2020-16,2020,vie,TRUE,20920807,20755700,0.7248
CC-MAIN-2020-16,2020,war,TRUE,89806,89480,0.0031
CC-MAIN-2020-16,2020,zho,FALSE,220824816,219789633,7.651
CC-MAIN-2020-24,2020,ceb,TRUE,67152,67096,0.0024
CC-MAIN-2020-24,2020,eng,FALSE,1169681402,1158419660,42.3306
CC-MAIN-2020-24,2020,ind,TRUE,20976956,20822901,0.7592
CC-MAIN-2020-24,2020,jav,TRUE,64295,64112,0.0023
CC-MAIN-2020-24,2020,jpn,FALSE,130184339,129381159,4.7113
CC-MAIN-2020-24,2020,khm,TRUE,264498,262276,0.0096
CC-MAIN-2020-24,2020,kor,FALSE,23669451,23555716,0.8566
CC-MAIN-2020-24,2020,lao,TRUE,78060,77873,0.0028
CC-MAIN-2020-24,2020,mya,TRUE,321637,319789,0.0116
CC-MAIN-2020-24,2020,por,FALSE,61701683,61201707,2.233
CC-MAIN-2020-24,2020,san,FALSE,91713,90965,0.0033
CC-MAIN-2020-24,2020,sun,TRUE,31378,31301,0.0011
CC-MAIN-2020-24,2020,tam,FALSE,1243762,1236052,0.045
CC-MAIN-2020-24,2020,tgl,TRUE,181878,180776,0.0066
CC-MAIN-2020-24,2020,tha,TRUE,9687735,9630067,0.3506
CC-MAIN-2020-24,2020,vie,TRUE,21271407,21090462,0.7698
CC-MAIN-2020-24,2020,war,TRUE,86726,86386,0.0031
CC-MAIN-2020-24,2020,zho,FALSE,212049832,210986221,7.674
CC-MAIN-2020-29,2020,ceb,TRUE,56322,56255,0.0018
CC-MAIN-2020-29,2020,eng,FALSE,1365003279,1350855247,43.406
CC-MAIN-2020-29,2020,ind,TRUE,23828411,23630283,0.7577
CC-MAIN-2020-29,2020,jav,TRUE,73033,72765,0.0023
CC-MAIN-2020-29,2020,jpn,FALSE,152383698,151328615,4.8457
CC-MAIN-2020-29,2020,khm,TRUE,256433,255065,0.0082
CC-MAIN-2020-29,2020,kor,FALSE,24847663,24731924,0.7901
CC-MAIN-2020-29,2020,lao,TRUE,82873,82440,0.0026
CC-MAIN-2020-29,2020,mya,TRUE,380205,377967,0.0121
CC-MAIN-2020-29,2020,por,FALSE,68380096,67802053,2.1744
CC-MAIN-2020-29,2020,san,FALSE,98651,97598,0.0031
CC-MAIN-2020-29,2020,sun,TRUE,41855,41717,0.0013
CC-MAIN-2020-29,2020,tam,FALSE,1384546,1374880,0.044
CC-MAIN-2020-29,2020,tgl,TRUE,186512,185672,0.0059
CC-MAIN-2020-29,2020,tha,TRUE,10348539,10284251,0.3291
CC-MAIN-2020-29,2020,vie,TRUE,25448589,25203589,0.8092
CC-MAIN-2020-29,2020,war,TRUE,91954,91672,0.0029
CC-MAIN-2020-29,2020,zho,FALSE,196909900,195902179,6.2616
CC-MAIN-2020-34,2020,ceb,TRUE,82653,82635,0.0034
CC-MAIN-2020-34,2020,eng,FALSE,1071880271,1061638128,43.7532
CC-MAIN-2020-34,2020,ind,TRUE,17706809,17568457,0.7228
CC-MAIN-2020-34,2020,jav,TRUE,76500,76334,0.0031
CC-MAIN-2020-34,2020,jpn,FALSE,118846038,118175846,4.8512
CC-MAIN-2020-34,2020,khm,TRUE,218123,216839,0.0089
CC-MAIN-2020-34,2020,kor,FALSE,20408050,20315390,0.833
CC-MAIN-2020-34,2020,lao,TRUE,61926,61791,0.0025
CC-MAIN-2020-34,2020,mya,TRUE,312516,311505,0.0128
CC-MAIN-2020-34,2020,por,FALSE,52691211,52301028,2.1508
CC-MAIN-2020-34,2020,san,FALSE,82933,81590,0.0034
CC-MAIN-2020-34,2020,sun,TRUE,28194,28154,0.0012
CC-MAIN-2020-34,2020,tam,FALSE,1170234,1163079,0.0478
CC-MAIN-2020-34,2020,tgl,TRUE,183725,182895,0.0075
CC-MAIN-2020-34,2020,tha,TRUE,8777308,8730602,0.3583
CC-MAIN-2020-34,2020,vie,TRUE,19861147,19701077,0.8107
CC-MAIN-2020-34,2020,war,TRUE,110894,110539,0.0045
CC-MAIN-2020-34,2020,zho,FALSE,161361769,160614355,6.5866
CC-MAIN-2020-40,2020,ceb,TRUE,60673,60626,0.0017
CC-MAIN-2020-40,2020,eng,FALSE,1475101941,1462537038,42.4664
CC-MAIN-2020-40,2020,ind,TRUE,28818911,28640428,0.8297
CC-MAIN-2020-40,2020,jav,TRUE,62283,62230,0.0018
CC-MAIN-2020-40,2020,jpn,FALSE,174755947,173633748,5.031
CC-MAIN-2020-40,2020,khm,TRUE,268747,267108,0.0077
CC-MAIN-2020-40,2020,kor,FALSE,22491868,22395378,0.6475
CC-MAIN-2020-40,2020,lao,TRUE,88589,88424,0.0026
CC-MAIN-2020-40,2020,mya,TRUE,369319,368156,0.0106
CC-MAIN-2020-40,2020,por,FALSE,75676803,75140224,2.1786
CC-MAIN-2020-40,2020,san,FALSE,80885,80627,0.0023
CC-MAIN-2020-40,2020,sun,TRUE,31588,31551,0.0009
CC-MAIN-2020-40,2020,tam,FALSE,1381873,1372940,0.0398
CC-MAIN-2020-40,2020,tgl,TRUE,193299,192524,0.0056
CC-MAIN-2020-40,2020,tha,TRUE,11126173,11065450,0.3203
CC-MAIN-2020-40,2020,vie,TRUE,30146892,29927237,0.8679
CC-MAIN-2020-40,2020,war,TRUE,83272,82990,0.0024
CC-MAIN-2020-40,2020,zho,FALSE,202805553,201863517,5.8385
CC-MAIN-2020-45,2020,ceb,TRUE,50339,50312,0.0018
CC-MAIN-2020-45,2020,eng,FALSE,1191092734,1180501336,43.6128
CC-MAIN-2020-45,2020,ind,TRUE,22293229,22169356,0.8163
CC-MAIN-2020-45,2020,jav,TRUE,56250,56154,0.0021
CC-MAIN-2020-45,2020,jpn,FALSE,124774244,124037368,4.5687
CC-MAIN-2020-45,2020,khm,TRUE,238778,238052,0.0087
CC-MAIN-2020-45,2020,kor,FALSE,19445941,19349001,0.712
CC-MAIN-2020-45,2020,lao,TRUE,92412,92279,0.0034
CC-MAIN-2020-45,2020,mya,TRUE,337957,337282,0.0124
CC-MAIN-2020-45,2020,por,FALSE,58811859,58423983,2.1534
CC-MAIN-2020-45,2020,san,FALSE,67796,67380,0.0025
CC-MAIN-2020-45,2020,sun,TRUE,24079,24065,0.0009
CC-MAIN-2020-45,2020,tam,FALSE,1241283,1232551,0.0455
CC-MAIN-2020-45,2020,tgl,TRUE,165639,164702,0.0061
CC-MAIN-2020-45,2020,tha,TRUE,9198003,9145340,0.3368
CC-MAIN-2020-45,2020,vie,TRUE,23693300,23495250,0.8675
CC-MAIN-2020-45,2020,war,TRUE,78656,78438,0.0029
CC-MAIN-2020-45,2020,zho,FALSE,173832526,173183829,6.365
CC-MAIN-2020-50,2020,ceb,TRUE,68161,68106,0.0026
CC-MAIN-2020-50,2020,eng,FALSE,1163898139,1154007384,44.0458
CC-MAIN-2020-50,2020,ind,TRUE,21098352,20992169,0.7984
CC-MAIN-2020-50,2020,jav,TRUE,62331,62244,0.0024
CC-MAIN-2020-50,2020,jpn,FALSE,123727564,123110634,4.6823
CC-MAIN-2020-50,2020,khm,TRUE,225603,224784,0.0085
CC-MAIN-2020-50,2020,kor,FALSE,18536004,18445977,0.7015
CC-MAIN-2020-50,2020,lao,TRUE,84881,84462,0.0032
CC-MAIN-2020-50,2020,mya,TRUE,289154,288264,0.0109
CC-MAIN-2020-50,2020,por,FALSE,56838480,56487800,2.151
CC-MAIN-2020-50,2020,san,FALSE,55697,55204,0.0021
CC-MAIN-2020-50,2020,sun,TRUE,21898,21873,0.0008
CC-MAIN-2020-50,2020,tam,FALSE,1165913,1160489,0.0441
CC-MAIN-2020-50,2020,tgl,TRUE,159749,158656,0.006
CC-MAIN-2020-50,2020,tha,TRUE,8805168,8757772,0.3332
CC-MAIN-2020-50,2020,vie,TRUE,23981945,23797486,0.9076
CC-MAIN-2020-50,2020,war,TRUE,81406,81206,0.0031
CC-MAIN-2020-50,2020,zho,FALSE,159313381,158736114,6.029
CC-MAIN-2021-04,2021,ceb,TRUE,54594,54480,0.0016
CC-MAIN-2021-04,2021,eng,FALSE,1503828706,1490655829,44.2135
CC-MAIN-2021-04,2021,ind,TRUE,27703335,27550613,0.8145
CC-MAIN-2021-04,2021,jav,TRUE,68549,68413,0.002
CC-MAIN-2021-04,2021,jpn,FALSE,162804862,161865491,4.7866
CC-MAIN-2021-04,2021,khm,TRUE,300772,299747,0.0088
CC-MAIN-2021-04,2021,kor,FALSE,22840271,22728125,0.6715
CC-MAIN-2021-04,2021,lao,TRUE,103238,102998,0.003
CC-MAIN-2021-04,2021,mya,TRUE,352615,351371,0.0104
CC-MAIN-2021-04,2021,por,FALSE,73474214,72966884,2.1602
CC-MAIN-2021-04,2021,san,FALSE,76863,76423,0.0023
CC-MAIN-2021-04,2021,sun,TRUE,27380,27333,0.0008
CC-MAIN-2021-04,2021,tam,FALSE,1444153,1438387,0.0425
CC-MAIN-2021-04,2021,tgl,TRUE,194407,193475,0.0057
CC-MAIN-2021-04,2021,tha,TRUE,11108049,11037172,0.3266
CC-MAIN-2021-04,2021,vie,TRUE,29426539,29171132,0.8652
CC-MAIN-2021-04,2021,war,TRUE,89290,89004,0.0026
CC-MAIN-2021-04,2021,zho,FALSE,188608875,187784085,5.5452
CC-MAIN-2021-10,2021,ceb,TRUE,66493,66412,0.0024
CC-MAIN-2021-10,2021,eng,FALSE,1212156453,1202770768,44.2918
CC-MAIN-2021-10,2021,ind,TRUE,22656046,22546468,0.8278
CC-MAIN-2021-10,2021,jav,TRUE,51909,51835,0.0019
CC-MAIN-2021-10,2021,jpn,FALSE,127774944,127184552,4.6689
CC-MAIN-2021-10,2021,khm,TRUE,223418,222848,0.0082
CC-MAIN-2021-10,2021,kor,FALSE,19329044,19246621,0.7063
CC-MAIN-2021-10,2021,lao,TRUE,98205,97807,0.0036
CC-MAIN-2021-10,2021,mya,TRUE,287656,287014,0.0105
CC-MAIN-2021-10,2021,por,FALSE,59399970,59066186,2.1705
CC-MAIN-2021-10,2021,san,FALSE,50710,50584,0.0019
CC-MAIN-2021-10,2021,sun,TRUE,23876,23815,0.0009
CC-MAIN-2021-10,2021,tam,FALSE,1112363,1108696,0.0406
CC-MAIN-2021-10,2021,tgl,TRUE,168373,167789,0.0062
CC-MAIN-2021-10,2021,tha,TRUE,9419764,9372015,0.3442
CC-MAIN-2021-10,2021,vie,TRUE,22953013,22769175,0.8387
CC-MAIN-2021-10,2021,war,TRUE,80117,79929,0.0029
CC-MAIN-2021-10,2021,zho,FALSE,159500737,158714134,5.8281
CC-MAIN-2021-17,2021,ceb,TRUE,60311,60292,0.0019
CC-MAIN-2021-17,2021,eng,FALSE,1376021766,1366771034,43.9003
CC-MAIN-2021-17,2021,ind,TRUE,26987375,26895811,0.861
CC-MAIN-2021-17,2021,jav,TRUE,55998,55967,0.0018
CC-MAIN-2021-17,2021,jpn,FALSE,154007258,153425537,4.9134
CC-MAIN-2021-17,2021,khm,TRUE,257465,257043,0.0082
CC-MAIN-2021-17,2021,kor,FALSE,20773298,20702935,0.6627
CC-MAIN-2021-17,2021,lao,TRUE,123198,122867,0.0039
CC-MAIN-2021-17,2021,mya,TRUE,323408,322698,0.0103
CC-MAIN-2021-17,2021,por,FALSE,68141893,67836828,2.174
CC-MAIN-2021-17,2021,san,FALSE,62774,62644,0.002
CC-MAIN-2021-17,2021,sun,TRUE,26563,26544,0.0008
CC-MAIN-2021-17,2021,tam,FALSE,1196178,1190187,0.0382
CC-MAIN-2021-17,2021,tgl,TRUE,188812,188449,0.006
CC-MAIN-2021-17,2021,tha,TRUE,10846712,10795668,0.3461
CC-MAIN-2021-17,2021,vie,TRUE,27050780,26873056,0.863
CC-MAIN-2021-17,2021,war,TRUE,80421,80253,0.0026
CC-MAIN-2021-17,2021,zho,FALSE,166872699,166295898,5.3239
CC-MAIN-2021-21,2021,ceb,TRUE,69453,69434,0.0026
CC-MAIN-2021-21,2021,eng,FALSE,1180315707,1171997136,44.8424
CC-MAIN-2021-21,2021,ind,TRUE,21874945,21791235,0.8311
CC-MAIN-2021-21,2021,jav,TRUE,48543,48521,0.0018
CC-MAIN-2021-21,2021,jpn,FALSE,120684744,120188449,4.585
CC-MAIN-2021-21,2021,khm,TRUE,212321,212098,0.0081
CC-MAIN-2021-21,2021,kor,FALSE,16788786,16718814,0.6378
CC-MAIN-2021-21,2021,lao,TRUE,108451,108155,0.0041
CC-MAIN-2021-21,2021,mya,TRUE,268593,267971,0.0102
CC-MAIN-2021-21,2021,por,FALSE,56256203,55977615,2.1373
CC-MAIN-2021-21,2021,san,FALSE,54961,54837,0.0021
CC-MAIN-2021-21,2021,sun,TRUE,23039,23015,0.0009
CC-MAIN-2021-21,2021,tam,FALSE,1032549,1028644,0.0392
CC-MAIN-2021-21,2021,tgl,TRUE,188047,187307,0.0071
CC-MAIN-2021-21,2021,tha,TRUE,9063588,9030492,0.3443
CC-MAIN-2021-21,2021,vie,TRUE,21152281,21023608,0.8036
CC-MAIN-2021-21,2021,war,TRUE,85011,84618,0.0032
CC-MAIN-2021-21,2021,zho,FALSE,122416405,122031097,4.6508
CC-MAIN-2021-25,2021,ceb,TRUE,69083,69051,0.0028
CC-MAIN-2021-25,2021,eng,FALSE,1110498198,1103016342,45.1857
CC-MAIN-2021-25,2021,ind,TRUE,20766086,20695329,0.845
CC-MAIN-2021-25,2021,jav,TRUE,48362,48272,0.002
CC-MAIN-2021-25,2021,jpn,FALSE,107788318,107333357,4.3859
CC-MAIN-2021-25,2021,khm,TRUE,193963,193415,0.0079
CC-MAIN-2021-25,2021,kor,FALSE,16457897,16400846,0.6697
CC-MAIN-2021-25,2021,lao,TRUE,76614,76362,0.0031
CC-MAIN-2021-25,2021,mya,TRUE,268053,267582,0.0109
CC-MAIN-2021-25,2021,por,FALSE,52102297,51834267,2.12
CC-MAIN-2021-25,2021,san,FALSE,47214,47099,0.0019
CC-MAIN-2021-25,2021,sun,TRUE,23689,23656,0.001
CC-MAIN-2021-25,2021,tam,FALSE,1007355,1004118,0.041
CC-MAIN-2021-25,2021,tgl,TRUE,173295,172915,0.0071
CC-MAIN-2021-25,2021,tha,TRUE,11657354,11623961,0.4743
CC-MAIN-2021-25,2021,vie,TRUE,37417228,37263879,1.5225
CC-MAIN-2021-25,2021,war,TRUE,74588,74320,0.003
CC-MAIN-2021-25,2021,zho,FALSE,124579683,124114474,5.0691
CC-MAIN-2021-31,2021,ceb,TRUE,47548,47510,0.0015
CC-MAIN-2021-31,2021,eng,FALSE,1442029616,1433409824,45.5605
CC-MAIN-2021-31,2021,ind,TRUE,26903931,26815563,0.85
CC-MAIN-2021-31,2021,jav,TRUE,71685,71560,0.0023
CC-MAIN-2021-31,2021,jpn,FALSE,155954879,155432969,4.9273
CC-MAIN-2021-31,2021,khm,TRUE,281646,281149,0.0089
CC-MAIN-2021-31,2021,kor,FALSE,18036214,17973907,0.5698
CC-MAIN-2021-31,2021,lao,TRUE,116072,115570,0.0037
CC-MAIN-2021-31,2021,mya,TRUE,336444,335825,0.0106
CC-MAIN-2021-31,2021,por,FALSE,69847083,69526983,2.2068
CC-MAIN-2021-31,2021,san,FALSE,62499,62360,0.002
CC-MAIN-2021-31,2021,sun,TRUE,33018,32990,0.001
CC-MAIN-2021-31,2021,tam,FALSE,1249314,1245512,0.0395
CC-MAIN-2021-31,2021,tgl,TRUE,228412,227856,0.0072
CC-MAIN-2021-31,2021,tha,TRUE,13083761,13037034,0.4134
CC-MAIN-2021-31,2021,vie,TRUE,29999571,29852213,0.9478
CC-MAIN-2021-31,2021,war,TRUE,66153,65846,0.0021
CC-MAIN-2021-31,2021,zho,FALSE,130563035,130195445,4.1251
CC-MAIN-2021-39,2021,ceb,TRUE,67082,67055,0.0023
CC-MAIN-2021-39,2021,eng,FALSE,1344556676,1334957345,45.4257
CC-MAIN-2021-39,2021,ind,TRUE,25482245,25385971,0.8609
CC-MAIN-2021-39,2021,jav,TRUE,65337,65241,0.0022
CC-MAIN-2021-39,2021,jpn,FALSE,133228651,132712635,4.5011
CC-MAIN-2021-39,2021,khm,TRUE,229360,228793,0.0077
CC-MAIN-2021-39,2021,kor,FALSE,20279008,20205115,0.6851
CC-MAIN-2021-39,2021,lao,TRUE,111705,110920,0.0038
CC-MAIN-2021-39,2021,mya,TRUE,325585,324679,0.011
CC-MAIN-2021-39,2021,por,FALSE,62025631,61701704,2.0955
CC-MAIN-2021-39,2021,san,FALSE,63573,63439,0.0021
CC-MAIN-2021-39,2021,sun,TRUE,30702,30657,0.001
CC-MAIN-2021-39,2021,tam,FALSE,1262534,1259598,0.0427
CC-MAIN-2021-39,2021,tgl,TRUE,225799,224645,0.0076
CC-MAIN-2021-39,2021,tha,TRUE,14219366,14166494,0.4804
CC-MAIN-2021-39,2021,vie,TRUE,26123743,25950182,0.8826
CC-MAIN-2021-39,2021,war,TRUE,85291,85097,0.0029
CC-MAIN-2021-39,2021,zho,FALSE,147655310,147248053,4.9885
CC-MAIN-2021-43,2021,ceb,TRUE,71591,71561,0.0021
CC-MAIN-2021-43,2021,eng,FALSE,1520274370,1511434684,45.3925
CC-MAIN-2021-43,2021,ind,TRUE,27902794,27810589,0.8331
CC-MAIN-2021-43,2021,jav,TRUE,65738,65703,0.002
CC-MAIN-2021-43,2021,jpn,FALSE,159199562,158696026,4.7534
CC-MAIN-2021-43,2021,khm,TRUE,303974,303657,0.0091
CC-MAIN-2021-43,2021,kor,FALSE,21553744,21433208,0.6436
CC-MAIN-2021-43,2021,lao,TRUE,129270,128171,0.0039
CC-MAIN-2021-43,2021,mya,TRUE,375686,374787,0.0112
CC-MAIN-2021-43,2021,por,FALSE,73063314,72740460,2.1815
CC-MAIN-2021-43,2021,san,FALSE,91350,91120,0.0027
CC-MAIN-2021-43,2021,sun,TRUE,34878,34832,0.001
CC-MAIN-2021-43,2021,tam,FALSE,1336627,1332283,0.0399
CC-MAIN-2021-43,2021,tgl,TRUE,258358,257184,0.0077
CC-MAIN-2021-43,2021,tha,TRUE,12375695,12325611,0.3695
CC-MAIN-2021-43,2021,vie,TRUE,28225816,28075820,0.8428
CC-MAIN-2021-43,2021,war,TRUE,84197,84019,0.0025
CC-MAIN-2021-43,2021,zho,FALSE,161716903,161283879,4.8286
CC-MAIN-2021-49,2021,ceb,TRUE,58334,58238,0.0023
CC-MAIN-2021-49,2021,eng,FALSE,1168824626,1160086034,46.2521
CC-MAIN-2021-49,2021,ind,TRUE,19281673,19173586,0.763
CC-MAIN-2021-49,2021,jav,TRUE,48605,48454,0.0019
CC-MAIN-2021-49,2021,jpn,FALSE,108311654,107814521,4.286
CC-MAIN-2021-49,2021,khm,TRUE,215425,214859,0.0085
CC-MAIN-2021-49,2021,kor,FALSE,18604370,18402163,0.7362
CC-MAIN-2021-49,2021,lao,TRUE,93007,92261,0.0037
CC-MAIN-2021-49,2021,mya,TRUE,274586,273729,0.0109
CC-MAIN-2021-49,2021,por,FALSE,53292112,52994983,2.1088
CC-MAIN-2021-49,2021,san,FALSE,63773,63523,0.0025
CC-MAIN-2021-49,2021,sun,TRUE,28841,28792,0.0011
CC-MAIN-2021-49,2021,tam,FALSE,1068325,1065490,0.0423
CC-MAIN-2021-49,2021,tgl,TRUE,219958,219197,0.0087
CC-MAIN-2021-49,2021,tha,TRUE,9815851,9764283,0.3884
CC-MAIN-2021-49,2021,vie,TRUE,19885107,19748878,0.7869
CC-MAIN-2021-49,2021,war,TRUE,73298,73104,0.0029
CC-MAIN-2021-49,2021,zho,FALSE,133898761,133469265,5.2986
CC-MAIN-2022-05,2022,ceb,TRUE,60469,60296,0.002
CC-MAIN-2022-05,2022,eng,FALSE,1387357238,1379336982,46.456
CC-MAIN-2022-05,2022,ind,TRUE,22711640,22565938,0.7605
CC-MAIN-2022-05,2022,jav,TRUE,55991,55911,0.0019
CC-MAIN-2022-05,2022,jpn,FALSE,142564442,142089605,4.7738
CC-MAIN-2022-05,2022,khm,TRUE,247436,246735,0.0083
CC-MAIN-2022-05,2022,kor,FALSE,20076437,19990873,0.6723
CC-MAIN-2022-05,2022,lao,TRUE,109084,108696,0.0037
CC-MAIN-2022-05,2022,mya,TRUE,324510,322964,0.0109
CC-MAIN-2022-05,2022,por,FALSE,61798069,61534375,2.0693
CC-MAIN-2022-05,2022,san,FALSE,63975,63710,0.0021
CC-MAIN-2022-05,2022,sun,TRUE,30978,30911,0.001
CC-MAIN-2022-05,2022,tam,FALSE,1202017,1198996,0.0402
CC-MAIN-2022-05,2022,tgl,TRUE,246381,243209,0.0083
CC-MAIN-2022-05,2022,tha,TRUE,11291658,11239632,0.3781
CC-MAIN-2022-05,2022,vie,TRUE,25024426,24912070,0.8379
CC-MAIN-2022-05,2022,war,TRUE,81277,81054,0.0027
CC-MAIN-2022-05,2022,zho,FALSE,144190313,143776927,4.8282
CC-MAIN-2022-21,2022,ceb,TRUE,69580,69534,0.002
CC-MAIN-2022-21,2022,eng,FALSE,1649444572,1637364487,47.8124
CC-MAIN-2022-21,2022,ind,TRUE,24272793,24140389,0.7036
CC-MAIN-2022-21,2022,jav,TRUE,67086,67041,0.0019
CC-MAIN-2022-21,2022,jpn,FALSE,167972833,167286988,4.869
CC-MAIN-2022-21,2022,khm,TRUE,306429,304952,0.0089
CC-MAIN-2022-21,2022,kor,FALSE,20130447,20051534,0.5835
CC-MAIN-2022-21,2022,lao,TRUE,115726,114896,0.0034
CC-MAIN-2022-21,2022,mya,TRUE,331390,330667,0.0096
CC-MAIN-2022-21,2022,por,FALSE,73520057,73159037,2.1311
CC-MAIN-2022-21,2022,san,FALSE,94218,93987,0.0027
CC-MAIN-2022-21,2022,sun,TRUE,34465,34420,0.001
CC-MAIN-2022-21,2022,tam,FALSE,1404953,1401055,0.0407
CC-MAIN-2022-21,2022,tgl,TRUE,229776,228979,0.0067
CC-MAIN-2022-21,2022,tha,TRUE,12363080,12294036,0.3584
CC-MAIN-2022-21,2022,vie,TRUE,30408908,30261131,0.8815
CC-MAIN-2022-21,2022,war,TRUE,86684,86251,0.0025
CC-MAIN-2022-21,2022,zho,FALSE,154323429,153908101,4.4734
CC-MAIN-2022-27,2022,ceb,TRUE,69199,69163,0.0022
CC-MAIN-2022-27,2022,eng,FALSE,1447163236,1437323702,46.5384
CC-MAIN-2022-27,2022,ind,TRUE,21556146,21421227,0.6932
CC-MAIN-2022-27,2022,jav,TRUE,67389,67321,0.0022
CC-MAIN-2022-27,2022,jpn,FALSE,149679948,149121175,4.8135
CC-MAIN-2022-27,2022,khm,TRUE,298974,297359,0.0096
CC-MAIN-2022-27,2022,kor,FALSE,20256170,20194653,0.6514
CC-MAIN-2022-27,2022,lao,TRUE,117022,116734,0.0038
CC-MAIN-2022-27,2022,mya,TRUE,316872,316344,0.0102
CC-MAIN-2022-27,2022,por,FALSE,65936924,65635075,2.1204
CC-MAIN-2022-27,2022,san,FALSE,105880,105755,0.0034
CC-MAIN-2022-27,2022,sun,TRUE,32120,32084,0.001
CC-MAIN-2022-27,2022,tam,FALSE,1339001,1336351,0.0431
CC-MAIN-2022-27,2022,tgl,TRUE,239873,238069,0.0077
CC-MAIN-2022-27,2022,tha,TRUE,12307849,12243433,0.3958
CC-MAIN-2022-27,2022,vie,TRUE,27265511,27141314,0.8768
CC-MAIN-2022-27,2022,war,TRUE,94700,94307,0.003
CC-MAIN-2022-27,2022,zho,FALSE,145458289,145115495,4.6777
CC-MAIN-2022-33,2022,ceb,TRUE,60973,60948,0.0024
CC-MAIN-2022-33,2022,eng,FALSE,1210921891,1200615375,46.7774
CC-MAIN-2022-33,2022,ind,TRUE,19315087,19193381,0.7461
CC-MAIN-2022-33,2022,jav,TRUE,51950,51907,0.002
CC-MAIN-2022-33,2022,jpn,FALSE,112580757,112059816,4.3489
CC-MAIN-2022-33,2022,khm,TRUE,260976,259543,0.0101
CC-MAIN-2022-33,2022,kor,FALSE,19004178,18932272,0.7341
CC-MAIN-2022-33,2022,lao,TRUE,90682,90336,0.0035
CC-MAIN-2022-33,2022,mya,TRUE,265640,264832,0.0103
CC-MAIN-2022-33,2022,por,FALSE,55467611,55152463,2.1427
CC-MAIN-2022-33,2022,san,FALSE,61991,61895,0.0024
CC-MAIN-2022-33,2022,sun,TRUE,22443,22427,0.0009
CC-MAIN-2022-33,2022,tam,FALSE,1171021,1167633,0.0452
CC-MAIN-2022-33,2022,tgl,TRUE,208654,207699,0.0081
CC-MAIN-2022-33,2022,tha,TRUE,10888547,10820106,0.4206
CC-MAIN-2022-33,2022,vie,TRUE,22324661,22201110,0.8624
CC-MAIN-2022-33,2022,war,TRUE,64206,63916,0.0025
CC-MAIN-2022-33,2022,zho,FALSE,130426952,130060633,5.0383
CC-MAIN-2022-40,2022,ceb,TRUE,77463,77430,0.0024
CC-MAIN-2022-40,2022,eng,FALSE,1457454193,1448381690,45.8786
CC-MAIN-2022-40,2022,ind,TRUE,25385245,25273804,0.7991
CC-MAIN-2022-40,2022,jav,TRUE,72924,72842,0.0023
CC-MAIN-2022-40,2022,jpn,FALSE,152116124,151676484,4.7884
CC-MAIN-2022-40,2022,khm,TRUE,343092,342032,0.0108
CC-MAIN-2022-40,2022,kor,FALSE,20642069,20581631,0.6498
CC-MAIN-2022-40,2022,lao,TRUE,141940,141520,0.0045
CC-MAIN-2022-40,2022,mya,TRUE,400730,399192,0.0126
CC-MAIN-2022-40,2022,por,FALSE,36547124,36385253,1.1505
CC-MAIN-2022-40,2022,san,FALSE,90926,90727,0.0029
CC-MAIN-2022-40,2022,sun,TRUE,36951,36929,0.0012
CC-MAIN-2022-40,2022,tam,FALSE,1416763,1412804,0.0446
CC-MAIN-2022-40,2022,tgl,TRUE,279172,278469,0.0088
CC-MAIN-2022-40,2022,tha,TRUE,13160226,13111602,0.4143
CC-MAIN-2022-40,2022,vie,TRUE,32717366,32570273,1.0299
CC-MAIN-2022-40,2022,war,TRUE,85928,85621,0.0027
CC-MAIN-2022-40,2022,zho,FALSE,154858502,154566437,4.8747
CC-MAIN-2022-49,2022,ceb,TRUE,74302,74229,0.0022
CC-MAIN-2022-49,2022,eng,FALSE,1565833888,1554207978,46.3044
CC-MAIN-2022-49,2022,ind,TRUE,27026770,26868164,0.7992
CC-MAIN-2022-49,2022,jav,TRUE,77587,77498,0.0023
CC-MAIN-2022-49,2022,jpn,FALSE,150771095,150279468,4.4586
CC-MAIN-2022-49,2022,khm,TRUE,358702,356773,0.0106
CC-MAIN-2022-49,2022,kor,FALSE,22068256,21999019,0.6526
CC-MAIN-2022-49,2022,lao,TRUE,139680,139188,0.0041
CC-MAIN-2022-49,2022,mya,TRUE,400142,398619,0.0118
CC-MAIN-2022-49,2022,por,FALSE,39007296,38819469,1.1535
CC-MAIN-2022-49,2022,san,FALSE,95520,95387,0.0028
CC-MAIN-2022-49,2022,sun,TRUE,37777,37747,0.0011
CC-MAIN-2022-49,2022,tam,FALSE,1522411,1518560,0.045
CC-MAIN-2022-49,2022,tgl,TRUE,291544,290139,0.0086
CC-MAIN-2022-49,2022,tha,TRUE,13618453,13551803,0.4027
CC-MAIN-2022-49,2022,vie,TRUE,33603032,33397147,0.9937
CC-MAIN-2022-49,2022,war,TRUE,87727,87375,0.0026
CC-MAIN-2022-49,2022,zho,FALSE,155448839,155086341,4.5969
CC-MAIN-2023-06,2023,ceb,TRUE,76378,76352,0.0024
CC-MAIN-2023-06,2023,eng,FALSE,1475921881,1465675034,46.2733
CC-MAIN-2023-06,2023,ind,TRUE,25937086,25803550,0.8132
CC-MAIN-2023-06,2023,jav,TRUE,80779,80714,0.0025
CC-MAIN-2023-06,2023,jpn,FALSE,151978476,151560035,4.7648
CC-MAIN-2023-06,2023,khm,TRUE,416779,416003,0.0131
CC-MAIN-2023-06,2023,kor,FALSE,20790147,20735253,0.6518
CC-MAIN-2023-06,2023,lao,TRUE,139396,138920,0.0044
CC-MAIN-2023-06,2023,mya,TRUE,399604,398675,0.0125
CC-MAIN-2023-06,2023,por,FALSE,37189014,37024690,1.166
CC-MAIN-2023-06,2023,san,FALSE,101002,100740,0.0032
CC-MAIN-2023-06,2023,sun,TRUE,43257,43238,0.0014
CC-MAIN-2023-06,2023,tam,FALSE,1478223,1475188,0.0463
CC-MAIN-2023-06,2023,tgl,TRUE,233311,232309,0.0073
CC-MAIN-2023-06,2023,tha,TRUE,12921960,12864816,0.4051
CC-MAIN-2023-06,2023,vie,TRUE,32275734,32083089,1.0119
CC-MAIN-2023-06,2023,war,TRUE,76557,76360,0.0024
CC-MAIN-2023-06,2023,zho,FALSE,136537357,135870912,4.2807
CC-MAIN-2023-14,2023,ceb,TRUE,71994,71955,0.0023
CC-MAIN-2023-14,2023,eng,FALSE,1440028177,1429750403,46.175
CC-MAIN-2023-14,2023,ind,TRUE,24629820,24512597,0.7898
CC-MAIN-2023-14,2023,jav,TRUE,142556,142489,0.0046
CC-MAIN-2023-14,2023,jpn,FALSE,138367872,137956827,4.4368
CC-MAIN-2023-14,2023,khm,TRUE,764344,763335,0.0245
CC-MAIN-2023-14,2023,kor,FALSE,20508520,20431616,0.6576
CC-MAIN-2023-14,2023,lao,TRUE,134506,134041,0.0043
CC-MAIN-2023-14,2023,mya,TRUE,397191,396256,0.0127
CC-MAIN-2023-14,2023,por,FALSE,35261859,35104760,1.1307
CC-MAIN-2023-14,2023,san,FALSE,100757,100471,0.0032
CC-MAIN-2023-14,2023,sun,TRUE,35354,35335,0.0011
CC-MAIN-2023-14,2023,tam,FALSE,1409576,1406243,0.0452
CC-MAIN-2023-14,2023,tgl,TRUE,225117,224605,0.0072
CC-MAIN-2023-14,2023,tha,TRUE,13728674,13678027,0.4402
CC-MAIN-2023-14,2023,vie,TRUE,32916196,32629909,1.0555
CC-MAIN-2023-14,2023,war,TRUE,79766,79511,0.0026
CC-MAIN-2023-14,2023,zho,FALSE,144441597,143862479,4.6316
CC-MAIN-2023-23,2023,ceb,TRUE,51428,51404,0.0016
CC-MAIN-2023-23,2023,eng,FALSE,1420072670,1410144975,45.217
CC-MAIN-2023-23,2023,ind,TRUE,24105965,23971941,0.7676
CC-MAIN-2023-23,2023,jav,TRUE,73434,73372,0.0023
CC-MAIN-2023-23,2023,jpn,FALSE,158081970,157600680,5.0335
CC-MAIN-2023-23,2023,khm,TRUE,346617,345166,0.011
CC-MAIN-2023-23,2023,kor,FALSE,21229929,21151898,0.676
CC-MAIN-2023-23,2023,lao,TRUE,123291,122670,0.0039
CC-MAIN-2023-23,2023,mya,TRUE,365016,363720,0.0116
CC-MAIN-2023-23,2023,por,FALSE,35798970,35625875,1.1399
CC-MAIN-2023-23,2023,san,FALSE,99691,99509,0.0032
CC-MAIN-2023-23,2023,sun,TRUE,32985,32868,0.0011
CC-MAIN-2023-23,2023,tam,FALSE,1445203,1440663,0.046
CC-MAIN-2023-23,2023,tgl,TRUE,226027,225436,0.0072
CC-MAIN-2023-23,2023,tha,TRUE,12753729,12689214,0.4061
CC-MAIN-2023-23,2023,vie,TRUE,32268657,31958582,1.0275
CC-MAIN-2023-23,2023,war,TRUE,59071,58899,0.0019
CC-MAIN-2023-23,2023,zho,FALSE,135159547,134711695,4.3037
CC-MAIN-2023-40,2023,ceb,TRUE,50295,50259,0.0015
CC-MAIN-2023-40,2023,eng,FALSE,1599618192,1585126436,46.4328
CC-MAIN-2023-40,2023,ind,TRUE,30118440,29931211,0.8743
CC-MAIN-2023-40,2023,jav,TRUE,73509,73414,0.0021
CC-MAIN-2023-40,2023,jpn,FALSE,163550952,162909495,4.7475
CC-MAIN-2023-40,2023,khm,TRUE,408610,405477,0.0119
CC-MAIN-2023-40,2023,kor,FALSE,22413639,22326467,0.6506
CC-MAIN-2023-40,2023,lao,TRUE,130594,130112,0.0038
CC-MAIN-2023-40,2023,mya,TRUE,390752,389528,0.0113
CC-MAIN-2023-40,2023,por,FALSE,38478739,38248469,1.1169
CC-MAIN-2023-40,2023,san,FALSE,112835,112307,0.0033
CC-MAIN-2023-40,2023,sun,TRUE,74081,71986,0.0022
CC-MAIN-2023-40,2023,tam,FALSE,1488635,1482818,0.0432
CC-MAIN-2023-40,2023,tgl,TRUE,261715,260756,0.0076
CC-MAIN-2023-40,2023,tha,TRUE,15537593,15435020,0.451
CC-MAIN-2023-40,2023,vie,TRUE,36414996,36122270,1.057
CC-MAIN-2023-40,2023,war,TRUE,54498,54236,0.0016
CC-MAIN-2023-40,2023,zho,FALSE,130812318,130312299,3.7971
CC-MAIN-2023-50,2023,ceb,TRUE,50278,50240,0.0015
CC-MAIN-2023-50,2023,eng,FALSE,1490149909,1475497113,44.4285
CC-MAIN-2023-50,2023,ind,TRUE,28831219,28650875,0.8596
CC-MAIN-2023-50,2023,jav,TRUE,75945,75879,0.0023
CC-MAIN-2023-50,2023,jpn,FALSE,172759155,171925721,5.1508
CC-MAIN-2023-50,2023,khm,TRUE,325249,323200,0.0097
CC-MAIN-2023-50,2023,kor,FALSE,24445162,24330107,0.7288
CC-MAIN-2023-50,2023,lao,TRUE,120052,119281,0.0036
CC-MAIN-2023-50,2023,mya,TRUE,394764,393807,0.0118
CC-MAIN-2023-50,2023,por,FALSE,59134511,58761376,1.7631
CC-MAIN-2023-50,2023,san,FALSE,104975,104809,0.0031
CC-MAIN-2023-50,2023,sun,TRUE,53551,52342,0.0016
CC-MAIN-2023-50,2023,tam,FALSE,1419478,1414607,0.0423
CC-MAIN-2023-50,2023,tgl,TRUE,313126,310536,0.0093
CC-MAIN-2023-50,2023,tha,TRUE,14257471,14170455,0.4251
CC-MAIN-2023-50,2023,vie,TRUE,34514828,34216729,1.0291
CC-MAIN-2023-50,2023,war,TRUE,51692,51433,0.0015
CC-MAIN-2023-50,2023,zho,FALSE,170377731,169831708,5.0798
CC-MAIN-2024-10,2024,ceb,TRUE,51512,51490,0.0017
CC-MAIN-2024-10,2024,eng,FALSE,1443093126,1428499460,46.4536
CC-MAIN-2024-10,2024,ind,TRUE,26856832,26685797,0.8645
CC-MAIN-2024-10,2024,jav,TRUE,62529,62495,0.002
CC-MAIN-2024-10,2024,jpn,FALSE,158227264,157529103,5.0934
CC-MAIN-2024-10,2024,khm,TRUE,312850,311577,0.0101
CC-MAIN-2024-10,2024,kor,FALSE,20203715,20117601,0.6504
CC-MAIN-2024-10,2024,lao,TRUE,104352,103731,0.0034
CC-MAIN-2024-10,2024,mya,TRUE,349823,348910,0.0113
CC-MAIN-2024-10,2024,por,FALSE,59886888,59535061,1.9278
CC-MAIN-2024-10,2024,san,FALSE,92983,92562,0.003
CC-MAIN-2024-10,2024,sun,TRUE,34227,34091,0.0011
CC-MAIN-2024-10,2024,tam,FALSE,1319921,1314429,0.0425
CC-MAIN-2024-10,2024,tgl,TRUE,259855,259033,0.0084
CC-MAIN-2024-10,2024,tha,TRUE,12739349,12671457,0.4101
CC-MAIN-2024-10,2024,vie,TRUE,30669340,30464174,0.9873
CC-MAIN-2024-10,2024,war,TRUE,58366,57832,0.0019
CC-MAIN-2024-10,2024,zho,FALSE,129436236,128551170,4.1666
CC-MAIN-2024-18,2024,ceb,TRUE,57405,57343,0.0021
CC-MAIN-2024-18,2024,eng,FALSE,1268287767,1258271680,45.5105
CC-MAIN-2024-18,2024,ind,TRUE,25611435,25458049,0.919
CC-MAIN-2024-18,2024,jav,TRUE,57577,57533,0.0021
CC-MAIN-2024-18,2024,jpn,FALSE,143727584,143161141,5.1574
CC-MAIN-2024-18,2024,khm,TRUE,307653,306688,0.011
CC-MAIN-2024-18,2024,kor,FALSE,19265949,19158635,0.6913
CC-MAIN-2024-18,2024,lao,TRUE,106510,105805,0.0038
CC-MAIN-2024-18,2024,mya,TRUE,349744,349015,0.0126
CC-MAIN-2024-18,2024,por,FALSE,54356538,54087240,1.9505
CC-MAIN-2024-18,2024,san,FALSE,98326,97918,0.0035
CC-MAIN-2024-18,2024,sun,TRUE,25297,25280,0.0009
CC-MAIN-2024-18,2024,tam,FALSE,1182549,1179012,0.0424
CC-MAIN-2024-18,2024,tgl,TRUE,246536,245803,0.0088
CC-MAIN-2024-18,2024,tha,TRUE,11551587,11498877,0.4145
CC-MAIN-2024-18,2024,vie,TRUE,27264946,27084080,0.9784
CC-MAIN-2024-18,2024,war,TRUE,61208,61019,0.0022
CC-MAIN-2024-18,2024,zho,FALSE,123282101,122895570,4.4238