lang,population
aaa,9000
aab,7000
aac,50
aad,830
aae,100000
aaf,200
aag,290
aah,2560
aai,3470
aak,1600
aal,5000
aan,6
aao,100000
aap,340
aar,1302800
aas,350
aat,50000
aau,7270
aaw,2200
aax,10000
aaz,70000
aba,170000
abb,12000
abc,1660
abd,3800
abe,10
abg,5
abi,50500
abk,129000
abl,180000
abm,12500
abn,25000
abo,1000
abp,3000
abq,37800
abr,1170000
abs,1600000
abt,44000
abu,55100
abv,400000
abw,1160
abx,26400
aby,650
abz,16000
aca,250
acd,10400
ace,3500000
acf,158000
ach,1500000
acm,13400000
acn,27700
acp,5000
acq,6760000
acr,85600
acu,6200
acv,10
acw,14100000
acx,1850000
acy,9760
acz,20000
ada,1020000
adb,5000
add,2600
ade,26400
adf,105000
adg,5
adh,482000
adi,97000
adj,100000
adl,30000
adn,3000
ado,4200
adr,98000
ads,41
adt,110
adu,1900
adw,83
adx,1800000
ady,117500
adz,30000
aeb,10800000
aec,22400000
aee,54400
aek,300
ael,2600
aem,20
aeq,100
aer,2380
aeu,10000
aew,770
aey,5300
aez,3400
afb,1000000
afd,400
afe,70000
afg,1000
afi,75
afk,1270
afn,200
afo,25000
afp,290
afr,17160000
afs,200
aft,4000
afu,129000
afz,120
agb,60000
agc,70000
agd,27000
age,18600
agf,150
agg,1270
agh,13600
agi,72000
agj,46940
agk,5
agl,350
agm,2500
agn,15000
ago,1000
agq,26700
agr,53600
ags,20000
agt,780
agu,18000
agv,2530
agw,5170
agx,29300
agy,1000
agz,1500
aha,175000
ahb,750
ahg,4830
ahh,3000
ahi,9000
ahk,200000
ahl,7600
ahm,2000
ahn,300
ahp,6500
ahr,1870000
ahs,40000
aht,18
aia,6750
aib,6570
aic,100
aie,230
aif,960
aig,67000
aih,2700
aii,152000
aij,2200
aik,3000
ail,140
aim,2640
ain,10
aio,1500
aip,40
aiq,480000
air,1000
ais,5
aiw,298300
aix,2000
aiy,35000
aja,200
ajg,591000
aji,5360
ajn,2
ajp,3590000
ajt,500
aju,8930
ajz,125000
aka,9100000
akb,750000
akc,7000
akd,11400
ake,4500
akf,26900
akg,16000
akh,40000
aki,750
akl,93200
ako,10
akp,71900
akq,10
aks,59200
akt,950
aku,1400
akv,210
akw,36000
akz,170
ala,35100
alc,12
ald,23000
ale,150
alf,16300
alh,12
ali,1780
alj,2150
alk,4000
all,350
alm,150
aln,1200000
alo,12600
alp,17200
alq,1760
alr,25
als,1570000
alt,57400
alu,17900
alw,316700
alx,270
aly,1660
alz,750000
amc,300
ame,9830
amf,81620
amg,1
amh,25600000
ami,138000
amj,41100
amk,10100
aml,16000
amm,480
amn,4420
amo,12300
amp,1530
amq,50
amr,1910
ams,1800
amt,300
amu,45900
amv,5700
amw,24000
amx,1000
amy,30
anc,400000
and,4600
ane,5730
anf,700
anh,2000
ani,5800
anj,980
ank,200000
anl,4000
anm,23200
ann,250000
ano,370
anp,725000
anq,250
anr,100000
ant,6
anu,52000
anv,11200
anw,1400000
anx,1410
any,620000
anz,800
aoa,12500
aob,15
aoc,5000
aod,1080
aoe,22000
aof,460
aog,8220
aoi,1290
aoj,11000
aok,10
aol,25000
aom,800
aon,4340
aos,500
aou,50
aoz,700000
apb,11500
apc,18800000
apd,26700000
ape,16200
apf,1700
apg,30000
aph,5530
api,1
apj,460
apk,3
apm,1500
apn,1260
apo,1200
app,7800
apr,3020
aps,1150
apt,28400
apu,2780
apw,14000
apx,150
apy,450
apz,2390
aqc,970
aqd,5200
aqg,48000
aqm,1000
aqn,200
aqr,170
aqt,1030
aqz,6
ara,291783650
arb,24900000
ard,12
are,1000
arg,30000
arh,8000
ari,10
ark,2
arl,50
arn,250000
aro,110
arp,1090
arq,29000000
arr,210
ars,843000
arv,10320
arw,2100
arx,12
ary,24800000
arz,62300000
asa,500000
asb,150
asc,9000
asd,330
ase,250000
asf,7150
asg,100000
asi,1000
asj,7600
ask,40000
asl,8760
asm,12800000
asn,120
aso,30000
asp,220000
asq,8000
asr,7000
ass,2500
ast,550000
asu,300
asv,25500
asx,810
asy,2000
asz,230
ata,2000
atb,80000
atd,26700
ate,8
atg,20000
ati,381000
atj,5920
atk,1500
atl,150
atm,2
atn,21100
ato,4200
atp,710
atq,12000
atr,930
ats,10
att,1000
atu,50000
atv,57400
atx,17
aty,900
atz,11
aua,10
aub,3500
auc,1650
aud,270
aug,14000
auh,100000
aui,890
auj,2000
auk,2710
aul,750
aum,5000
aun,700
aup,1300
auq,320
aur,740
aut,5000
auu,350
auw,350
auy,11100
auz,700
ava,715000
avb,620
avi,21000
avl,1030000
avn,27200
avt,8000
avu,40000
avv,14
awa,2530000
awb,2050
awc,20000
awe,170
awh,100
awi,8000
awm,60
awn,553400
awo,6000
awr,70
aws,9340
awt,280
awu,7500
awv,2300
aww,400
awx,1900
awy,3870
axk,15000
axx,760
aya,900
ayb,472000
ayc,213000
aye,3000
ayg,16500
ayh,300000
ayi,10000
ayl,4130000
aym,1702000
ayn,7600000
ayo,2600
ayp,7570000
ayq,430
ayr,998000
ays,15
ayt,1000
ayu,800
ayz,20000
aza,53000
azb,11100000
azd,400
aze,23200540
azg,5200
azj,8250000
azm,2030
azn,900
azo,19000
azt,300
azz,125000
baa,7070
bab,8520
bac,20000
bae,240
baf,4500
bag,26000
bah,309000
baj,4450
bak,1150000
bal,8764640
bam,14000000
ban,3330000
bao,500
bap,161500
bar,7830000
bas,300000
bau,40000
bav,27000
baw,10000
bax,420000
bay,3640
bba,564000
bbb,800
bbc,2000000
bbd,3150
bbe,11000
bbf,340
bbg,1000
bbh,2700
bbi,3000
bbj,350000
bbk,39000
bbl,3200
bbm,2550
bbn,10000
bbo,35000
bbp,4500
bbq,10800
bbr,4000
bbt,12000
bbu,40000
bbv,920
bbw,24500
bbx,600
bby,2980
bbz,3940
bca,800000
bcb,1850
bcc,2540000
bcd,1000
bce,4000
bcf,6310
bcg,3700
bch,1380
bci,3010000
bcj,160
bck,110
bcl,2500000
bcm,1000
bcn,2000
bco,3100
bcp,42000
bcq,370600
bcr,430
bcs,30000
bct,32000
bcu,1450
bcv,10000
bcw,23000
bcy,150000
bcz,30000
bda,19000
bdb,15000
bdc,5000
bdd,4000
bde,250000
bdf,1100
bdh,25000
bdi,41000
bdj,2500
bdk,200
bdl,150000
bdm,51600
bdn,4
bdo,4500
bdp,27000
bdq,158000
bds,13000
bdt,130000
bdu,106000
bdv,50000
bdw,1100
bdx,70
bdy,100
bea,160
beb,24000
bec,7000
bed,180
bee,2830
bef,45000
beg,1240
beh,97000
bei,4000
bej,2000000
bek,1050
bel,2230000
bem,3810000
ben,261517930
beo,4200
bep,10000
beq,100000
bes,1230
bet,130000
beu,11000
bev,130000
bew,5000000
bex,100000
bey,2200
bez,670000
bfa,595000
bfb,638000
bfc,12000
bfd,100000
bfe,600
bff,23500
bfg,3000
bfh,670
bfi,327000
bfj,17000
bfk,400
bfl,35500
bfm,35000
bfn,55000
bfo,108000
bfp,3000
bfq,135000
bfr,58200
bfs,400000
bft,327000
bfu,4000
bfw,9000
bfx,71600
bfy,2860000
bfz,1000000
bga,16000
bgb,1500
bgc,8000000
bgd,101000
bge,27200
bgf,2700
bgg,900
bgi,55000
bgj,14000
bgk,1960
bgl,2950
bgn,1080000
bgp,3050000
bgq,647000
bgr,4440
bgs,43000
bgt,4050
bgu,3000
bgv,300
bgw,217000
bgx,327000
bgy,350
bgz,125000
bha,197000
bhb,3310000
bhc,300
bhd,53000
bhe,70
bhf,240
bhg,7000
bhh,50000
bhi,681000
bhj,15250
bhl,2250
bhm,200
bhn,900
bho,37800000
bhp,500000
bhq,130000
bhr,724000
bhs,10000
bht,102000
bhu,6790
bhv,19000
bhw,70000
bhx,8670
bhy,15000
bhz,6800
bia,3
bib,399000
bic,100
bid,14000
bie,50
bif,51000
big,1400
bij,20000
bik,3799900
bil,38000
bim,176000
bin,1000000
bio,750
bip,40000
biq,1380
bir,260
bis,10000
bit,350
biu,19000
biv,125000
biw,12000
bix,25000
biy,2000
biz,20000
bja,226000
bjc,460
bje,43000
bjf,20
bjg,33400
bjh,550
bji,49450
bjj,9500000
bjk,2120
bjl,910
bjm,59000
bjn,3500000
bjo,100000
bjp,1080
bjr,360
bjs,256000
bjt,96000
bju,8
bjv,36000
bjw,10300
bjx,3500
bjz,2230
bka,5000
bkc,40000
bkd,100000
bkf,1000
bkg,2500
bkh,50000
bki,350
bkj,8870
bkk,10000
bkl,1200
bkm,233000
bkn,570
bko,1000
bkq,950
bkr,100000
bks,85000
bku,9370
bkv,100000
bkw,12000
bkx,72000
bky,140000
bkz,27000
bla,3250
blb,8740
blc,17
bld,23000
ble,354000
blf,96000
blg,5000
blh,22500
bli,100000
blj,30000
blk,560000
blm,65000
bln,135000
blo,33600
blp,1770
blq,2000
blr,42000
bls,3200
blt,699000
blv,2630
blw,21300
blx,5000
bly,1500
blz,31000
bma,10000
bmb,252000
bmc,2200
bmd,4000
bmg,20000
bmh,1750
bmi,44800
bmj,8770
bmk,2810
bml,2500
bmm,1270000
bmo,29000
bmp,50
bmq,102000
bmr,150
bms,20000
bmt,20000
bmu,10000
bmv,21400
bmw,42000
bmx,650
bmz,850
bna,9500
bnc,40700
bnd,3000
bne,11200
bnf,1000
bng,3900
bni,50900
bnj,1130
bnk,800
bnl,59
bnm,9000
bnn,38000
bno,75000
bnp,13700
bnq,3000
bnr,520
bns,3070000
bnu,25000
bnv,200
bnw,450
bnx,171000
bny,4200
bnz,450
boa,750
bob,7600
bod,1070000
boe,500
bof,17000
boh,20500
boj,2020
bol,100000
bom,1000000
bon,2000
boo,2500
bop,180
boq,300
bor,1390
bos,1120000
bot,10100
bou,50000
bov,11400
bow,12
box,268000
boy,15
boz,118000
bpa,1200
bpd,102000
bpg,790
bph,210
bpi,50
bpj,165000
bpk,490
bpl,40
bpm,380
bpn,60000
bpo,2000
bpp,450
bpq,3690
bpr,150000
bps,90800
bpu,850
bpv,2900
bpw,85
bpx,10000
bpy,77500
bpz,7000
bqa,2500
bqb,300
bqc,100000
bqd,3
bqg,9900
bqh,10000
bqi,1000000
bqj,13000
bqk,42500
bql,30
bqm,4000
bqn,37000
bqo,2230
bqp,15000
bqq,250
bqr,4350
bqs,1725
bqt,12000
bqv,106000
bqx,15000
bqy,1125
bqz,30000
bra,574000
brb,22800
brd,160
bre,206000
brf,120000
brg,40
brh,2210000
bri,20000
brj,70
brl,15000
brm,25600
brn,140
bro,300
brp,2500
brq,1100
brr,5900
brs,250
brt,46300
bru,26700
brv,20000
brw,1000
brx,1330000
bry,260
brz,1250
bsa,300
bsb,37600
bsc,15000
bse,25000
bsf,20000
bsg,7030
bsh,15000
bsi,5000
bsj,6000
bsk,96800
bsm,700
bsn,1890
bso,40
bsq,648000
bsr,10
bss,100000
bst,101560
bsu,200
bsw,5480
bsx,100
bta,150000
btc,800
btd,1200000
btf,10400
btg,150000
bth,63900
bti,100
btj,6
btm,1100000
btn,2
bto,385000
btp,310
btq,1000
btr,1330
bts,1200000
btt,100000
btv,30100
btw,34500
btx,600000
bty,4500
btz,195000
bua,329100
bub,7710
buc,41700
bud,160000
buf,155000
bug,5500000
buh,9720
bui,9800
buj,2000
buk,12000
bul,7020000
bum,1658000
bun,178000
buo,26500
bup,2300
buq,1190
bus,62000
but,3600
buu,180000
buv,480
buw,4000
bux,50000
buy,6100
bva,4100
bvb,51000
bvc,8800
bvd,5900
bve,11200
bvf,100
bvg,3000
bvh,20
bvi,16000
bvj,5000
bvk,400
bvl,350
bvm,31000
bvn,750
bvo,1800
bvp,200
bvq,200
bvr,1070
bvt,3500
bvu,59000
bvw,10000
bvx,4000
bvy,10000
bvz,1500
bwa,150
bwb,1630
bwc,19600
bwd,6500
bwe,17200
bwf,610
bwg,15000
bwi,610
bwj,69200
bwk,520
bwl,8400
bwm,3040
bwn,5800
bwo,39780
bwp,20000
bwq,181000
bwr,250000
bws,23000
bwt,8400
bwu,168000
bww,200000
bwx,258000
bwy,24000
bwz,3020
bxa,4980
bxb,8000
bxc,1000
bxd,400
bxe,10
bxf,4180
bxg,3500000
bxh,1350
bxj,2
bxk,1433000
bxl,500
bxm,45100
bxp,6000
bxq,120
bxr,219000
bxs,1490
bxu,65000
bxw,6000
bxz,630
bya,1480
byc,30000
byd,54000
bye,960
byf,50
byh,23290
byi,10000
byj,7000
byk,80000
byl,100
byn,120000
byo,120000
byp,11400
byr,6600
bys,4000
byv,210000
byw,600
byx,6350
byz,2480
bza,131000
bzb,1700
bzc,2000000
bzd,7000
bze,197000
bzf,31300
bzh,10500
bzi,700
bzj,130000
bzk,18400
bzl,2700
bzm,3000
bzn,3240
bzo,5500
bzp,1500
bzq,2520
bzs,3000000
bzu,250
bzv,3550
bzw,100000
bzx,30000
bzy,65000
bzz,10000
caa,30000
cab,98000
cac,41600
cad,25
cae,14000
caf,500
cag,13700
cak,451000
cal,2420
cam,2600
can,1700
cao,550
cap,1200
caq,37000
car,4450
cas,5320
cat,9255420
cav,1680
cax,5860
cay,240
cbb,270
cbc,600
cbd,6
cbg,350
cbi,9390
cbj,2240
cbk,1200000
cbl,2500
cbn,1500
cbo,1500
cbq,1000
cbr,1900
cbs,750
cbt,7870
cbu,1120
cbv,400
cbw,14000
ccc,2
ccd,40
cce,962000
ccg,107000
cch,30000
ccl,45000
cco,2000
ccp,150000
cda,154000
cde,26000
cdf,7000
cdg,406000
cdh,130000
cdi,209000
cdj,111000
cdm,48500
cdn,1830
cdo,8820000
cdr,45000
cds,2800
cdy,20000
cdz,43000
ceb,15800000
ceg,1600
cek,12000
ces,10400000
cet,200
cfa,25000
cfd,3000
cfg,11400
cfm,69000
cga,690
cgc,30000
cgg,2390000
cgk,30000
cha,30300
chd,2200
che,1350000
chf,37100
chh,7
chj,37900
chk,48200
chl,35
chm,512000
chn,1
cho,10400
chp,11900
chq,8000
chr,12300
chv,1243000
chw,841000
chx,4280
chy,2400
chz,3140
cia,79000
cib,25000
cic,600
cie,3000
cih,750
cik,1060
cin,1300
cir,600
ciy,63
cja,204000
cje,19300
cji,500
cjk,456000
cjm,72900
cjn,180
cjo,12000
cjp,11100
cjs,2840
cjv,23100
cjy,46100000
ckb,4000000
ckh,3000
ckl,200000
ckn,1000
cko,91300
ckq,10000
ckr,900
cks,900
ckt,5100
cku,59
ckv,24
ckx,5000
cky,5000
ckz,2000
cla,176000
clc,860
cld,100000
cle,2000
clh,1000
cli,6000
clj,15000
clk,11000
cll,3000
clm,6
clo,1280
clt,15000
clu,30000
clw,44
cly,1800
cma,33300
cme,51900
cmi,5510
cml,30000
cmn,1067000000
cmo,32500
cmr,75000
cna,10100
cnb,19600
cnc,2030
cng,57800
cnh,140000
cni,35200
cnk,60000
cnl,10700
cno,1000
cns,7000
cnt,1850
cnu,76300
cnw,15000
coa,1000
coc,120
cod,250
coe,2100
cof,2840
cog,500
coh,184000
cok,4110
col,17
com,100
con,1080
coo,36
cor,600
cos,30000
cot,300
cou,21000
cov,63600
cow,110
cox,250
coz,440
cpa,25000
cpb,7000
cpc,4000
cpg,2800
cpn,132000
cpo,2000
cps,639000
cpu,10700
cpx,2520000
cpy,13000
cqd,1400000
cra,13770
crc,1200
crd,2
cre,87220
crg,75
crh,260000
cri,68800
crj,7310
crk,34000
crl,5310
crm,3000
crn,5370
cro,3960
crq,1500
crs,80200
crt,800
crv,5910
crw,7000
crx,680
cry,1000
csb,107000
csc,9000
csd,19
cse,10000
csg,21000
csh,170000
csj,7300
csk,45100
csm,12
cso,3590
csq,12000
csr,70700
csv,14000
csw,2500
csy,10000
cta,540
ctc,5
ctd,189000
cte,11800
ctg,13000000
cth,1000
ctl,1720
ctn,3710
cto,15000
ctp,16000
cts,77500
ctt,5000
ctu,222000
ctz,450
cua,12000
cub,6100
cuc,7410
cug,2000
cuh,70000
cui,2200
cuj,60
cuk,57100
cul,3500
cuo,49
cuq,80000
cur,2050
cut,3140
cuu,50000
cuv,5000
cuw,100
cux,8680
cvg,850
cvn,440
cwa,14000
cwb,21000
cwd,35000
cwe,98000
cwg,460
cwt,7200
cya,8940
cyb,4
cym,562000
cyo,123000
czh,4600000
czn,8490
czo,3100000
czt,40000
daa,60000
dac,350
dad,3500
dae,5000
dag,1160000
dah,1570
dai,49900
daj,80000
dak,100
dal,400
dan,5380000
dao,37000
daq,200000
dar,486000
das,4000
dau,63100
dav,274000
daw,147000
dax,170
daz,250
dba,2000
dbb,6000
dbd,70000
dbe,440
dbf,1500
dbg,15700
dbi,11400
dbj,10000
dbl,29
dbm,65000
dbn,30
dbo,100
dbp,11400
dbq,24000
dbr,20000
dbt,3000
dbu,24700
dbv,1100
dbw,1320
dby,1950
dcc,12800000
dda,10
ddd,5000
dde,30000
ddg,37000
ddi,2180
ddj,360
ddn,160000
ddo,12500
dds,45300
ddw,1270
dec,55000
ded,6500
dee,13500
deg,10000
deh,14600
dei,400
dek,2980
del,7
dem,1000
den,760
deq,10000
der,28000
des,960
deu,77800000
dev,2330
dez,8600
dga,924000
dgb,1000
dgc,610
dgd,21000
dge,790
dgg,200
dgh,30000
dgi,247000
dgk,34000
dgl,70000
dgo,2280000
dgr,2080
dgs,9000
dgu,10000
dgx,270
dgz,9000
dhd,1870000
dhg,270
dhi,20430
dhl,6
dhm,18000
dhn,139000
dho,169000
dhr,1
dhs,5000
dhv,13000
dhw,48650
dia,1840
dic,93800
did,60000
dif,10
dig,313000
dih,290
dii,140
dij,820
dik,450000
dil,11000
dim,1100
din,1365900
dio,100000
dip,320000
diq,1500000
dir,9000
dis,112000
diu,10000
div,331000
diw,80000
dix,50
diy,100
diz,155000
djb,45
djc,34000
djd,120
dje,3280000
dji,210
djj,340
djk,21700
djm,130000
djn,43
djo,37000
djr,2760
dju,1640
dka,2000
dkk,1500
dkx,17000
dlg,1050
dlk,2500
dln,6000
dma,9840
dmb,19000
dmc,3820
dme,5000
dmk,340
dml,5000
dmo,3540
dmr,2800
dms,2000
dmu,220
dmv,2400
dmw,48
dmx,5000
dmy,1300
dna,20000
dnd,170
dne,100000
dng,56300
dni,20000
dnj,1300000
dnk,20000
dnn,13400
dnr,260
dnt,50000
dnu,1000
dnv,100000
dnw,180000
dny,740
doa,12000
dob,110000
doc,463000
doe,24000
dof,950
doh,5000
doi,3980000
dok,13000
dol,700
don,1800
doo,12900
dop,83400
dor,2410
dos,20000
dow,18000
dox,20620
doy,65
doz,33700
dpp,500
drb,1000
drc,500
drd,1750
dre,8000
drg,55000
dri,90000
drl,24
drn,800
dro,7600
drs,1023000
dru,10500
dry,11700
dsb,6670
dse,13000
dsh,48230
dsi,2370
dsl,5000
dso,50000
dsq,100000
dta,96100
dtd,7
dti,500
dtk,127000
dtm,133000
dtn,300
dto,60000
dtp,264000
dts,50000
dtt,2900
dtu,3000
dty,788000
dua,87700
dub,252000
duc,11000
dud,73000
due,3000
duf,1210
dug,397000
duh,100000
dui,35
duk,470
dul,30
dun,20000
duo,1200
dup,15000
duq,4500
dur,50000
dus,7640
duu,14000
duv,930
duw,5000
dux,125000
dva,3550
dwa,7200
dwr,563000
dwu,300
dww,2500
dwy,1500
dya,14100
dyi,95500
dym,2000
dyu,8500000
dyy,29
dza,2500
dzg,487000
dzl,22000
dzn,6000
dzo,226000
ebg,5000
ebk,6170
ebo,20400
ebr,75900
ebu,324000
ecs,231000
eee,30000
efa,6320
efe,20000
efi,2400000
ega,2500
ego,140000
ehu,14200
eip,3000
eit,500
eiv,1200
eja,6000
eka,63000
eke,200000
ekg,100000
eki,5000
ekk,1040000
ekl,1660
ekm,6400
eko,77000
ekp,30000
ekr,50000
eky,8000
ele,330
elh,50
eli,400
elk,1640
ell,13134490
elm,58000
elo,8
elu,600
ema,100000
emb,10000
eme,400
emg,4650
emi,6000
emk,3000000
emn,800
emp,22500
ems,200
emu,200000
emw,250
emx,500
ena,980
enb,180000
enc,200
end,110000
enf,40
eng,371959910
enh,40
enl,6440
enn,20000
eno,1500
enq,230000
enr,2000
enu,30000
enw,15000
enx,3840
eot,200
epi,12000
epo,2001000
era,5000
erg,1900
erh,64000
eri,2210
erk,6000
ero,45000
ers,20000
ert,530
erw,200
ese,500
esg,150000
esk,5580
esl,474000
esn,7500
eso,1500
ess,1000
est,1217540
esu,10000
esy,500
etb,15000
eth,250000
etn,500
eto,250000
etr,1670
ets,274000
etu,67300
etx,40000
etz,1000
eus,468000
eve,5660
evh,19800
evn,11000
ewe,3820000
ewo,578000
eyo,314000
eza,590000
eze,5000
faa,1200
fab,5000
fad,3380
faf,900
fag,1300
fai,4500
faj,10
fak,4000
fal,20000
fam,1000
fan,624000
fao,48000
fap,12000
far,6700
fas,61929420
fau,1400
fax,11000
fay,100000
fbl,260000
fer,8000
ffi,180
ffm,1040000
fia,295000
fie,26100
fij,650000
fil,45000000
fin,5685380
fip,195000
fir,2500
fit,30000
fiw,300
fkk,5800
fkv,1500
fla,64
flh,350
fli,25000
fll,16000
flr,400000
fmp,140000
fmu,400000
fnb,95
fni,1100
fod,24500
foi,2800
fom,13000
fon,1190000
for,17000
fpe,76000
fqs,2500
fra,76096430
frc,25600
frd,50000
frp,150000
frq,280
frr,10000
frs,200000
frt,450
fry,843000
fse,5000
fsl,100000
fss,150
fub,669000
fuc,3450000
fud,3900
fue,280000
fuf,2550000
fuh,450000
fuj,2680
ful,23685340
fun,2930
fuq,450000
fur,300000
fut,1500
fuu,12000
fuv,11500000
fuy,14000
fvr,744000
fwa,1860
fwe,9950
gaa,745000
gab,34400
gac,7
gad,30000
gae,160
gaf,8000
gag,138000
gah,25000
gai,2090
gaj,22100
gak,1500
gal,13000
gam,4000
gan,21700000
gao,1880
gap,340
gaq,3060
gar,2620
gas,100000
gat,950
gau,8000
gaw,5000
gay,300000
gaz,8920000
gba,857500
gbb,140
gbd,26
gbe,930
gbf,1200
gbg,14500
gbh,13500
gbi,79000
gbj,8000
gbk,110000
gbl,284000
gbm,2920000
gbn,600
gbo,131000
gbp,200000
gbq,32500
gbr,700000
gbs,65000
gbu,1
gbv,95000
gbx,80000
gby,350000
gbz,8000
gcc,2200
gcd,1
gcf,430000
gcl,89200
gcn,1410
gcr,50000
gct,1500
gda,500000
gdb,15000
gdd,6950
gde,68000
gdf,55900
gdg,6000
gdi,9000
gdj,1
gdk,2500
gdl,56900
gdm,750
gdn,2400
gdo,130
gdq,50000
gdr,3500
gds,20
gdu,5000
gdx,3000000
gea,9030
geb,2420
gec,104000
ged,72100
geh,29200
gei,2650
gej,201000
gek,14100
gel,36000
geq,550
ges,36500
gev,50
gew,200000
gex,50000
gey,15000
gfk,7000
gga,1220
ggb,9000
gge,60
ggg,35300
ggl,470
ggt,760
ggu,60000
ggw,22000
gha,10000
ghe,18000
ghh,4440
ghk,17000
ghl,33000
ghn,2510
gho,10000
ghr,10000
ghs,13000
ght,1300
gia,210
gic,20000
gid,54000
gie,7000
gig,25400
gih,20
gil,103000
gim,22500
gin,5
gip,3700
giq,300
gis,20000
git,350
giw,1200
gix,12000
giz,60000
gji,6000
gjk,100000
gjn,310000
gjr,1000
gju,690000
gka,130
gkn,100000
gkp,460000
gla,57400
glc,1200
gld,1350
gle,1138000
glg,2340000
glh,70000
glj,3500
glk,2850000
glr,4630
glu,10300
glv,1660
glw,28500
gmb,1570
gmd,2000
gmm,8000
gmn,3000
gmu,580
gmv,1094400
gmx,9000
gmz,190000
gna,6000
gnb,14500
gnd,26000
gne,3000
gng,57400
gni,410
gnk,1030
gnm,1440
gnn,240
gno,1950000
gnq,250
gnt,350
gnu,1330
gnw,7000
gnz,1400
goa,500000
gob,150
goc,2740
god,26400
goe,2100
gof,392400
gog,1930000
goi,900
goj,20200
gok,35000
gol,153000
gom,3630000
gon,2400000
goo,690
gop,350
goq,1000
gor,1000000
gos,607000
gou,15000
gow,50000
gox,12000
goy,30
gpa,15000
gpe,5002000
gpn,75
gqa,43000
gqi,6000
gqr,128000
gqu,2000
gra,100000
grb,424000
grd,15000
grg,380
grh,25000
gri,12100
grj,99000
grn,6157480
gro,12800
grq,15
grr,11000
grs,2500
grt,889000
gru,315500
grv,49500
grw,26
grx,1500
gry,40500
gse,6000
gsg,80000
gsl,18000
gsm,28000
gsn,800
gso,220000
gsp,590
gss,5000
gsw,4490000
gta,4
gub,13100
guc,122000
gud,102000
gue,590
guf,1280
gug,5850000
guh,23000
gui,52000
guj,45700000
guk,183380
gul,350
gum,21000
gun,6000
guo,1000
gup,1220
guq,1000
gur,638000
gus,530
gut,750
guu,15700
guw,423000
gux,772000
guz,2705000
gva,28
gvc,450
gve,400
gvf,51100
gvj,280
gvl,163000
gvm,3000
gvn,360
gvo,340
gvr,348800
gvs,470
gwa,25000
gwb,980
gwc,100000
gwd,69970
gwf,200
gwg,5000
gwi,370
gwj,1470
gwn,27300
gwr,621000
gww,1
gwx,17600
gxx,293000
gya,200000
gyb,2650
gyd,23
gye,1000
gyg,5000
gyi,4250
gyl,55700
gym,169000
gyr,5930
gza,2600
gzi,7030
gzn,2900
haa,12
hac,180000
had,16000
hae,4530000
hag,6800
hah,1300
hai,24
haj,63000
hak,43500000
hal,13500
ham,2150
han,150000
hao,5000
hap,3000
haq,990000
har,33570
has,240
hat,6960000
hau,33500000
hav,506000
haw,2000
hax,7
hay,1740000
haz,1770000
hba,13000
hbb,306000
hbn,4410
hbs,15260456
hbu,2700
hca,10000
hch,47600
hdn,2
hdy,1401000
hea,1250000
heb,4380000
hed,40000
heg,14000
heh,1080000
hei,66
hem,181000
her,173000
hgm,16000
hgw,1060
hhi,80
hhr,15000
hhy,95
hia,40000
hid,200
hif,380000
hig,300000
hih,1500
hii,29700
hij,400
hik,10200
hil,5770000
hin,260129750
hio,2000
hiw,150
hix,600
hji,17500
hka,2700
hke,200000
hkk,8770
hks,20000
hla,20000
hlb,793000
hld,2000
hle,15000
hlt,30000
hma,10000
hmb,15000
hmc,40000
hmd,300000
hme,14000
hmg,70000
hmh,56000
hmi,70000
hmj,60000
hml,61000
hmm,70000
hmn,7706400
hmo,120000
hmp,35000
hmq,350000
hmr,83400
hms,500000
hmt,45000
hmv,3700000
hmw,14000
hmy,28000
hmz,250000
hna,11000
hnd,625000
hne,13300000
hnh,1000
hni,740000
hnj,100000
hnn,18800
hno,1880000
hns,73300
hnu,2000
hoa,460
hob,810
hoc,1040000
hoe,1500
hoh,100
hoi,6
hoj,2460000
hol,23100
hoo,15500
hop,6780
hot,2300
hov,1000
how,140000
hoy,500
hoz,3000
hra,18700
hrc,6300
hre,94000
hrk,18200
hrm,50000
hro,35000
hrt,1000
hru,3000
hrv,4200000
hrw,2100
hrz,33000
hsb,13300
hsh,9000
hsn,36600000
hss,600
hto,6800
hts,950
htu,16000
hub,9330
huc,30
hud,300
hue,620
huf,940
hug,310
huh,2000
hui,150000
huj,84000
hul,3240
hun,9840000
huo,1000
hup,38
huq,4000
hur,260
hus,132000
hut,5000
huu,1000
huv,11000
hux,100
huy,10000
huz,1010
hve,2550
hvk,300
hvn,110000
hvv,500
hwa,2100
hwc,1000000
hwo,32000
hya,940
hye,2960000
iai,4080
ian,8440
iar,7000
iba,1452000
ibb,6000000
ibd,140
ibe,10000
ibg,500000
ibh,10
ibl,111000
ibm,12000
ibn,10000
ibo,18000000
ibr,5000
ibu,35
iby,60000
ica,63000
ich,50200
icl,300
icr,12000
ida,598000
idb,4940
idc,5000
idd,100000
ide,5000
idi,1610
ids,5690
idt,13500
idu,600000
ifa,27100
ifb,10100
ife,127000
ifk,30000
ifm,8150
ifu,30000
ify,8000
igb,1000000
ige,250000
igg,200
igl,800000
igm,1080
ign,4500
igo,910
igw,47800
ihp,5500
iii,2000000
ijc,1000000
ije,4800
ijj,92400
ijn,258000
ijs,71500
ike,34100
iki,5000
ikk,22800
ikl,50000
iko,30000
ikp,5320
iks,20
ikt,410
iku,34510
ikw,200000
ikx,7500
ikz,55000
ila,15000
ilb,82900
ili,120
ilk,50800
ilm,22000
ilo,6920000
ilp,241000
ilu,1400
ilv,5000
ima,1000
imi,1250
imn,250
imo,42500
imr,560
inb,18000
ind,198000000
ing,130
inh,306000
inj,11200
inl,8000
inn,5520
ino,10000
inp,4
ins,5930000
int,90000
iou,1100
ipi,26000
ipk,5580
ipo,600
iqu,35
iqw,260000
ire,70
irh,4000
iri,40000
irk,462000
irn,40
irr,4420
iru,200000
irx,1570
iry,10000
isa,280
isc,82
isd,450
ise,40000
isg,21000
ish,300000
isi,51000
isk,2500
isl,300000
ism,10
isn,32400
iso,423000
isr,10000
ist,1300
isu,15400
ita,57700000
itb,7500
itd,27000
ite,75
iti,9000
itl,80
itm,5000
ito,5
itr,480
its,510000
itt,18000
itv,134000
itw,5000
itx,80
ity,12000
itz,12
ium,383000
ivb,1240
ivv,35000
iwk,3260
iwm,3000
iwo,6900
iws,2500
ixc,21
ixl,69000
iya,24700
iyo,14000
iyx,31000
izh,120
izr,50000
izz,540000
jaa,800
jab,300000
jac,9000
jad,29000
jae,2080
jaf,46300
jaj,10
jal,1700
jam,2670000
jao,120
jaq,10000
jau,350
jav,84300000
jax,1000000
jay,7
jaz,990
jbe,2000
jbj,1000
jbk,320
jbn,220000
jbr,200
jbt,1
jbu,2440
jcs,40
jct,200
jda,300
jdg,15600
jdt,2010
jeb,2400
jee,5380
jeh,15200
jei,2390
jek,1500
jel,400
jen,100000
jer,23000
jet,500
jeu,1500
jge,59800
jgk,70000
jgo,63000
jhi,1250
jia,1500
jib,30000
jic,350
jid,6000
jie,100
jig,52
jih,4100
jii,20000
jil,650
jim,3500
jio,52300
jiq,50000
jit,205000
jiu,10000
jiv,61900
jiy,1000
jje,5000
jjr,75000
jka,5500
jkm,4000
jkp,5300
jkr,1500
jku,500
jle,11700
jls,7500
jma,750
jmb,2000
jmc,300000
jmd,25000
jmi,1000
jml,40000
jmn,2500
jmr,3000
jmw,450
jmx,20000
jna,1990
jnd,5000
jni,1150
jnj,92200
jnl,670
jns,100000
job,10000
jod,120000
jog,50000
jow,10000
jpn,127000000
jpr,60000
jqr,740
jra,242000
jrb,490550
jrr,3420
jrt,17300
jru,170
jsl,317000
jua,7
jud,80000
juh,7000
juk,100000
jul,4830
jum,70000
jun,23700
juo,2000
jup,1000
jur,280
jus,8
juu,900
juw,1610
juy,801000
jvn,35300
jwi,18000
jya,83000
jye,50000
jyy,2200
kaa,506000
kab,5000000
kac,900000
kad,300000
kaf,4000
kag,500
kah,4800
kai,150000
kaj,300000
kak,100000
kal,50000
kam,4493000
kan,46700000
kao,700000
kap,6100
kaq,50
kas,5360000
kat,3200000
kau,4122500
kax,400
kay,400
kaz,9980000
kbc,1590
kbd,516000
kbe,2
kbg,1330
kbh,4000
kbi,230
kbk,1700
kbl,680000
kbm,2100
kbn,93000
kbo,10000
kbp,975000
kbq,63200
kbr,881700
kbs,100
kbt,2900
kbu,1000
kbv,1000
kbw,200
kbx,10000
kby,280000
kbz,800
kca,9580
kcb,12
kcc,11400
kcd,150
kce,2320
kcf,18000
kcg,130000
kch,500
kci,10000
kcj,700
kck,196000
kcl,2200
kcm,13000
kcn,28800
kco,305
kcp,14000
kcq,20000
kcr,25000
kcs,3000
kct,780
kcu,16400
kcv,8400
kcw,8400
kcx,3250
kcy,3000
kcz,51000
kdc,45000
kdd,560
kde,1320000
kdf,6000
kdg,167000
kdh,234000
kdi,266000
kdj,666000
kdk,2180
kdl,100000
kdm,25400
kdn,145000
kdp,12000
kdq,30000
kdr,75
kdt,400000
kdu,25000
kdw,1200
kdx,5000
kdy,370
kdz,2980
kea,492000
keb,1000
kec,6070
ked,100000
kee,6680
kef,4000
keg,1400
kei,85000
kej,1960
kek,800000
kel,180000
kem,62000
ken,65000
keo,182000
kep,23700
keq,40000
ker,44500
kes,2000
ket,210
keu,70300
kev,19000
kew,45000
kex,211000
key,6600
kez,180000
kfa,200000
kfb,122000
kfc,20000
kfd,14000
kfe,930
kff,362000
kfg,2800
kfh,29400
kfi,180000
kfj,1000
kfk,80100
kfl,600
kfm,25000
kfn,3000
kfo,40000
kfp,34600
kfq,574000
kfr,823000
kfs,295000
kft,206000
kfu,12000
kfv,3000
kfw,1400
kfx,109000
kfy,2360000
kfz,196000
kga,60000
kgb,600
kge,470000
kgf,7500
kgg,3
kgj,13100
kgk,18000
kgn,21000
kgo,21700
kgp,18000
kgq,8000
kgr,3000
kgs,42
kgt,15
kgu,720
kgv,240
kgw,5000
kgx,3500
kgy,100
kha,843000
khb,280000
khc,120000
khd,10
khe,3500
khf,8000
khg,1380000
khh,200
khj,10500
khk,2600000
khl,2000
khm,17390040
khn,21900
khp,200
khq,200000
khr,240000
khs,600
kht,8000
khu,150000
khv,1740
khw,270000
khx,3500
khy,160000
khz,19400
kia,15400
kib,44300
kic,400
kid,3000
kie,18500
kif,7500
kig,3000
kih,1970
kij,20000
kik,6623000
kil,2000
kim,93
kin,10600000
kio,1270
kip,20000
kiq,250
kir,4170000
kis,220
kit,2440
kiu,184000
kiv,78000
kiw,6000
kix,37800
kiy,250
kiz,10200
kja,300
kjb,77700
kjc,125000
kjd,9700
kje,20000
kjg,708000
kjh,42600
kji,3360
kjj,1000
kjk,150000
kjl,24500
kjm,13800
kjn,2
kjo,6330
kjp,1000000
kjq,3990
kjr,2180
kjs,45000
kjt,6000
kju,45
kjx,1000
kjy,10000
kjz,20000
kka,20000
kkb,15
kkc,490
kkd,500
kke,10000
kkf,8000
kkh,100000
kki,241000
kkj,100000
kkk,530
kkl,2300
kkm,100
kkn,6300
kko,7000
kkp,100
kkq,13000
kkr,3050
kks,14000
kkt,1470
kku,2270
kkv,110000
kkw,38800
kkx,8000
kky,780
kkz,16
kla,6
klb,10
klc,2500
kld,35
kle,33200
klf,1860
klg,83000
klh,200
kli,20000
klj,51000
klk,5520
kll,6000
klm,470
kln,4858250
klo,200
klp,7
klq,1000
klr,14500
kls,5000
klt,1000
klu,342000
klv,1100
klw,2400
klx,900
kly,500
klz,3900
kma,3800
kmb,1700000
kmd,1500
kme,300
kmf,380
kmg,100000
kmh,15000
kmi,5000
kmj,12500
kmk,12700
kml,11200
kmm,14700
kmn,700
kmo,3000
kmp,3000
kmq,15000
kmr,8130000
kms,960
kmt,2500
kmu,8000
kmv,2400
kmw,400000
kmx,2750
kmy,32000
kmz,886000
kna,20000
knb,30000
knc,3500000
knd,500
kne,150000
knf,50000
kng,8000000
kni,10400
knj,48500
knk,356000
knl,32000
knm,1330
knn,2420000
kno,295000
knp,10000
knq,110
knr,300
kns,250
knt,700
knu,90000
knv,3000
knw,9000
knx,321000
kny,200000
knz,9570
koa,800
koe,5000
kog,9910
koi,63100
kok,6057440
kol,4000
kom,219100
kon,5688500
koo,851000
kop,780
koq,25000
kor,77233270
kos,6620
kot,10000
kou,600
kov,42
kow,5000
koy,58
koz,510
kpa,3000
kpb,26000
kpc,7000
kpd,870
kpe,1220000
kpf,15000
kpg,3000
kph,1600
kpi,100
kpj,2670
kpk,11400
kpl,3000
kpm,166000
kpo,155000
kpq,8000
kpr,3630
kps,10000
kpt,260
kpu,1000
kpv,156000
kpw,10000
kpx,4000
kpy,1670
kpz,274000
kqa,3290
kqb,6000
kqc,1500
kqd,800
kqe,70000
kqf,900
kqg,1300
kqh,4670
kqi,2700
kqj,2500
kqk,100000
kql,1250
kqm,5000
kqn,206000
kqo,85600
kqp,20000
kqq,10
kqs,287000
kqt,800
kqv,3390
kqw,1400
kqx,500
kqy,159370
kra,13610
krc,305000
krd,15000
kre,375
krf,160
krh,40300
kri,4692000
krj,378000
krl,25600
krn,58500
krp,10200
krr,20700
krs,20000
krt,40000
kru,1750000
krv,6220
krw,85600
krx,9600
kry,5000
krz,100
ksa,1000
ksb,664000
ksc,13000
ksd,81000
kse,2400
ksf,60000
ksg,2400
ksh,250000
ksi,420
ksj,1300
ksl,2580
ksm,3420
ksn,10000
kso,1100
ksp,72000
ksq,10000
ksr,2200
kss,180000
kst,20000
ksu,50
ksv,26000
ksw,1360000
ksx,30000
ksy,25000
ksz,15700
kta,4000
ktb,792300
ktc,2500
ktd,19
kte,2000
kth,10000
kti,8000
ktj,100
ktm,3000
ktn,210
kto,2400
ktp,180000
kts,4000
ktt,900
ktu,5000000
ktv,50500
ktx,270
kty,5900
ktz,25000
kua,461000
kub,44600
kuc,500
kud,1200
kue,115000
kuf,22800
kug,20000
kuh,11000
kui,1010
kuj,430000
kuk,6000
kul,15600
kum,426000
kun,247000
kuo,1050
kup,8200
kuq,10
kur,25353230
kus,535000
kut,25
kuu,40
kuv,3180
kuw,3830
kux,440
kuy,13
kva,1450
kvb,10000
kvc,6750
kvf,17900
kvg,4500
kvh,1730
kvi,16800
kvj,40500
kvl,16600
kvm,1500
kvn,2600
kvo,5680
kvp,330
kvq,40000
kvr,260000
kvt,9550
kvu,7300
kvv,7400
kvw,3700
kvx,275000
kvy,1000
kvz,780
kwa,85
kwb,7000
kwc,67000
kwd,13200
kwe,2500
kwf,32400
kwg,40000
kwh,600
kwi,12000
kwj,10000
kwk,170
kwl,110000
kwm,30000
kwn,157000
kwo,600
kwp,840
kwr,100
kwt,2000
kwu,10000
kwv,35000
kww,200
kwy,537000
kxa,3200
kxb,9920
kxc,247660
kxd,295000
kxf,10000
kxh,1480
kxi,3000
kxj,7110
kxk,9300
kxl,33700
kxm,1400000
kxn,200
kxo,5
kxp,404000
kxq,80
kxr,810
kxs,1000
kxt,800
kxu,916000
kxv,158000
kxw,600
kxx,45000
kxy,25000
kxz,1090
kya,115000
kyb,15000
kyc,15400
kyd,610
kye,58000
kyf,10100
kyg,12300
kyh,12
kyi,2460
kyj,2000
kyk,363000
kym,4500
kyn,15100
kyo,5000
kyp,47600
kyq,40000
kyr,3
kys,4150
kyt,10000
kyu,150000
kyv,22000
kyw,37000
kyx,3500
kyy,3
kyz,1000
kza,30200
kzb,500
kzc,77000
kzd,350
kze,2000
kzf,55000
kzi,4000
kzm,700
kzn,200000
kzo,1000
kzp,26600
kzq,2000
kzr,17000
kzu,50
kzv,300
kzy,2000
kzz,3290
laa,25000
lac,600
lad,100000
lae,16000
laf,5140
lag,410000
lah,118852200
lai,59500
laj,2130000
lak,5000
lal,55000
lam,201000
lan,5000
lao,3870000
lap,55100
laq,690
lar,74000
las,198000
lau,2000
lav,1802460
law,44000
lax,27100
lay,60000
lbb,150
lbc,9000
lbe,146000
lbf,22600
lbg,9550
lbi,4400
lbj,105000
lbk,19600
lbl,68800
lbm,25000
lbn,22300
lbo,28100
lbq,5150
lbr,3720
lbs,38000
lbt,5000
lbv,1310
lbw,331000
lbx,100000
lby,19
lbz,54
lcc,250
lcd,900
lce,420
lcf,30000
lch,400000
lcl,11900
lcm,12000
lcp,8000
lcq,6500
lcs,1830
lda,25000
ldb,78000
ldh,3420
ldi,135000
ldj,10000
ldk,5000
ldl,10000
ldm,14400
ldo,8000
ldp,16000
lea,400000
leb,353000
lec,20
led,750000
lee,213000
lef,48900
leh,128000
lei,270
lej,100000
lek,1320
lel,26000
lem,6000
lep,50600
leq,1760
ler,380
les,50000
let,2000
leu,5000
lew,350000
lex,18000
ley,2000
lez,402000
lfa,15000
lga,2770
lgb,3
lgg,1100000
lgh,300
lgi,3
lgk,1250
lgl,6980
lgm,44900
lgn,5000
lgq,7500
lgr,13800
lgt,840
lgu,1890
lgz,43000
lha,5690
lhh,3890
lhi,117000
lhl,750
lhm,7000
lhn,350
lhp,2500
lht,650
lhu,280000
lia,442000
lib,80
lic,667000
lid,4800
lie,8400
lif,366200
lig,15000
lih,12600
lij,500000
lik,60000
lil,140
lim,700000
lin,2040000
lio,11
lip,23000
liq,73610
lir,1613000
lis,600000
lit,2800000
liu,2000
liw,145000
lix,75
liy,183000
liz,10000
lje,10000
lji,800
ljl,105000
ljp,827000
lka,3250
lkb,253000
lkc,6870
lkd,1
lke,99900
lkh,8000
lki,1000000
lkj,3500
lkl,720
lkn,700
lko,125000
lkr,28000
lks,137000
lkt,2100
lla,46000
llb,162000
llc,23000
lld,31000
lle,3400
llf,10
llg,20000
llh,120
lli,2100
lll,450
llm,1700
lln,26000
llo,6000
llp,9500
llq,3000
lls,8000
llu,16900
llx,21000
lma,4000
lmb,400
lmd,15000
lme,30000
lmf,7000
lmg,3650
lmh,1500
lmi,12000
lmj,8000
lmk,10000
lml,6500
lmn,4150000
lmo,3600000
lmp,130000
lmq,4000
lmr,4000
lmu,850
lmv,1630
lmx,5000
lmy,25000
lna,40000
lnb,200
lnd,23000
lni,600
lnl,150000
lnm,420
lnn,340
lno,38000
lns,240000
lnu,32000
loa,15000
lob,220000
loc,85800
loe,76000
log,210000
loh,3620
loi,8010
loj,1230
lok,178000
lol,400000
lom,266000
lon,2290000
loo,10000
lop,5000
loq,60000
lor,6100
los,780
lot,135000
lou,10000
loy,7500
loz,612000
lpa,400
lpe,530
lpn,1000
lpo,250000
lpx,50000
lra,11300
lrc,1500000
lrg,23
lri,155000
lrk,20000
lrl,112000
lrm,152500
lrn,220
lro,40000
lrr,2500
lrt,20000
lrv,680
lrz,2
lsa,1000
lsd,7500
lse,42000
lsi,30000
lsl,2000
lsm,521000
lsr,700
lss,11000
lst,2000
ltg,200000
lth,80000
lti,7500
ltn,10
lto,122000
lts,118000
ltu,2130
ltz,345000
lua,7000000
lub,1510000
luc,495000
lud,3000
lue,171000
lug,6560000
lui,5
luk,700
lul,15000
lum,43900
lun,225000
luo,4044000
lup,19700
lur,10000
lus,675000
lut,10
luu,1200
luv,30000
luw,1
luy,5287900
luz,875000
lva,56
lvk,1780
lvs,1967000
lvu,4000
lwa,21000
lwe,4000
lwg,309000
lwh,1600
lwl,7000
lwm,4000
lwo,80000
lwu,50
lww,2200
lya,1100
lyg,5000
lyn,2880
lzl,15
lzn,7000
lzz,20000
maa,18900
mab,960
mad,6770000
mae,2000
maf,210000
mag,14000000
mah,42500
mai,30000000
maj,17500
mak,2530000
mal,34451800
mam,530000
man,7293000
mao,148000
maq,1500
mar,74700000
mas,842000
mat,650
mau,74600
mav,9160
maw,316000
max,1000000
maz,74000
mba,30000
mbb,15000
mbc,16500
mbd,10000
mbf,10000
mbh,2500
mbi,14600
mbj,400
mbl,1270
mbm,20000
mbn,300
mbo,45000
mbp,1850
mbq,2610
mbr,700
mbs,58000
mbt,50000
mbu,100000
mbv,5000
mbw,11000
mbx,80
mbz,5630
mca,1500
mcb,5910
mcc,860
mcd,450
mce,850
mcf,1400
mcg,12
mch,5520
mci,4000
mcj,100
mck,135000
mcm,2150
mcn,192000
mco,5000
mcp,80000
mcq,10000
mcr,20000
mcs,12000
mct,20000
mcu,30000
mcv,300
mcw,6560
mcx,24000
mcy,890
mcz,470
mda,100000
mdb,700
mdc,970
mdd,38600
mde,296000
mdf,2030
mdg,10
mdh,1100000
mdi,60000
mdk,15000
mdl,200
mdm,100000
mdn,60000
mdp,200000
mdq,100000
mdr,475000
mds,1350
mdt,90000
mdu,40000
mdv,5330
mdw,161000
mdx,35950
mdy,101430
mdz,260
mea,5200
meb,1570
mec,57
med,130000
mee,8400
mef,6870
meh,7340
mei,76000
mej,14800
mek,19000
mel,113000
mem,61
men,1940000
meo,2600000
mep,210
meq,10000
mer,1660000
met,580
meu,39000
mev,305000
mew,10000
mey,3140000
mez,60
mfa,1000000
mfb,340000
mfc,36100
mfd,23100
mfe,1090000
mff,3000
mfg,20000
mfh,18000
mfi,23500
mfj,11000
mfk,27500
mfn,100000
mfo,65000
mfp,1880000
mfq,319000
mfr,65
mfs,130000
mft,300
mfu,222000
mfv,215000
mfx,24860
mfy,39800
mfz,50000
mgb,42400
mgc,50000
mgd,70000
mge,77000
mgg,45000
mgh,1010000
mgi,50000
mgk,850
mgl,5200
mgm,131000
mgn,2750
mgo,183000
mgp,462000
mgq,65000
mgr,207000
mgs,22000
mgt,340
mgu,8500
mgv,150000
mgw,72000
mgy,29000
mgz,24000
mha,4040
mhb,8000
mhc,110
mhd,7000
mhe,2990
mhf,200
mhi,293000
mhk,50100
mhl,2390
mhm,200000
mhn,1900
mho,18800
mhp,25000
mhq,10
mhr,470000
mhs,45000
mht,3000
mhu,34000
mhw,31200
mhx,100000
mhy,150000
mhz,700
mib,8300
mic,8040
mid,5000
mie,6170
mif,90000
mig,6000
mih,10000
mii,1350
mij,1850
mik,190
mil,5500
mim,30000
min,5530000
mio,20000
mip,10000
miq,114000
mir,22500
mit,3180
miu,460
miw,800
mix,9170
miy,11600
miz,2090
mjb,6500
mjc,5580
mjd,3
mjg,152000
mjh,6000
mji,200000
mjj,25
mjk,160
mjl,900000
mjm,510
mjn,570
mjo,18600
mjp,5850
mjs,6000
mjt,54000
mjv,7850
mjw,420000
mjx,33000
mjz,24400
mka,200
mkb,51000
mkc,520
mkd,1380000
mke,99500
mkf,30000
mkg,5000
mki,132000
mkj,1000
mkk,9500
mkl,21400
mkm,1500
mkn,350000
mko,3000
mkp,570
mkr,650
mks,18700
mkt,100
mku,210000
mkv,250
mkw,1490000
mkx,26700
mkz,102000
mla,4000
mlb,110
mlc,169000
mle,2110
mlf,23200
mlg,18138380
mlh,1700
mli,5000
mlj,270
mlk,16800
mll,500
mlm,86000
mln,4140
mlo,6200
mlp,3750
mlq,1300000
mlr,8500
mls,350000
mlt,393000
mlu,12600
mlv,1800
mlw,8500
mlx,600
mlz,8500
mma,20000
mmb,200
mmc,26600
mmd,30000
mme,1000
mmf,1000
mmg,5250
mmh,230
mmi,680
mmj,34300
mmk,29700
mml,900
mmm,180
mmn,5150
mmo,1500
mmp,220
mmq,400
mmr,820000
mmt,900
mmu,8000
mmw,400
mmx,3000
mmy,20000
mmz,42000
mna,4500
mnb,300000
mnc,20
mnd,2
mne,410000
mnf,34000
mng,30000
mnh,65000
mni,1470000
mnj,5300
mnk,669000
mnl,400
mnm,270
mnn,30000
mnp,10900000
mnr,37
mns,940
mnu,85
mnv,4390
mnw,743000
mnx,12000
mny,150000
mnz,20000
moa,20000
moc,3000
moe,11000
mog,230000
moh,540
moi,19000
moj,12000
mok,50
mon,6006590
moo,6000
mop,10600
moq,30
mor,30000
mos,6360000
mot,3500
mou,7000
mov,330
mow,3020
mox,4010
moy,83380
moz,12000
mpa,80000
mpb,33
mpc,12
mpd,940
mpe,33240
mpg,218000
mph,260
mpi,16000
mpj,880
mpk,1000
mpl,1700
mpm,2000
mpn,80
mpo,395
mpp,2600
mpq,320
mpr,910
mps,10000
mpt,1400
mpu,45
mpv,12
mpw,10
mpx,18000
mpz,900
mqa,6620
mqb,15000
mqc,7280
mqe,280
mqf,2000
mqg,80000
mqh,6030
mqi,280
mqj,100000
mqk,7560
mql,37600
mqm,2700
mqn,37000
mqo,2000
mqp,1500
mqq,1200
mqr,20
mqs,12000
mqt,7
mqu,70000
mqv,50
mqw,300
mqx,60000
mqz,1180
mra,130
mrb,500
mrc,44
mrd,308000
mrf,300
mrg,551000
mrh,34800
mri,148000
mrj,30000
mrk,200
mrl,5900
mrm,1350
mrn,10800
mro,30000
mrp,150
mrq,5390
mrr,165000
mrs,15
mru,300
mrv,600
mrw,776000
mrx,55
mry,250000
mrz,7000
msa,60824376
msb,600000
msd,400
mse,308000
msf,1200
msg,1000
msh,550000
msi,3000000
msj,4700
msk,57800
msl,230
msm,60000
msn,2000
mso,250
msq,1170
mss,850
msu,200
msv,250
msw,17600
msx,200
msy,8000
mta,30000
mtb,300000
mtc,910
mtd,40000
mte,2940
mtf,1000
mtg,5600
mth,800
mti,1400
mtj,8000
mtk,1490
mtl,21900
mto,5470
mtp,1810
mtq,1140000
mtr,5100000
mts,170
mtt,900
mtu,1020
mtv,1250
mtw,7570
mtx,380
mty,620
mua,282000
mub,35300
muc,200
mud,350
mue,2600
mug,140000
mui,3105000
muj,3
muk,6500
mum,2450
muo,30000
mup,5560000
muq,80000
mur,60000
mus,5070
mut,400000
muu,10
muv,16800
mux,40900
muy,30000
muz,7424
mva,7950
mvd,10000
mvf,3380000
mvg,710
mvh,5000
mvk,1400
mvm,10000
mvn,2300
mvo,8090
mvp,127000
mvq,50
mvr,1700
mvs,25
mvt,430
mvu,5000
mvv,20000
mvw,36000
mvx,250
mvy,200000
mvz,195000
mwa,120
mwb,700
mwc,1230
mwe,469000
mwf,1830
mwg,3700
mwh,630
mwi,1100
mwk,434000
mwl,15000
mwm,183000
mwn,140000
mwo,1400
mwp,1210
mwq,15000
mwr,19712600
mws,70000
mwt,4000
mwv,58000
mww,233000
mwx,5270
mwz,4200
mxa,5430
mxb,5080
mxc,405000
mxd,15300
mxe,3500
mxf,6000
mxg,400000
mxh,5100
mxj,18000
mxk,410
mxl,215000
mxm,2000
mxn,4600
mxo,460
mxp,16800
mxq,8000
mxr,1120
mxs,2400
mxt,9760
mxu,17000
mxv,46600
mxw,380
mxx,300000
mxy,4200
mxz,510
mya,42875600
myb,80000
myc,21000
myd,840
mye,45000
myf,2300
myg,5300
myi,3800000
myj,400
myk,738000
myl,5500
mym,157300
myo,500
myp,360
myu,7500
myv,36700
myw,6000
myx,1650000
myy,1000
mza,2570
mzb,150000
mzc,110000
mzd,2230
mze,1100
mzh,15000
mzi,8590
mzj,81100
mzk,99000
mzl,19200
mzm,400000
mzn,2370000
mzp,1450
mzq,14000
mzr,1250
mzs,50
mzt,180
mzu,1830
mzv,220000
mzw,42900
mzx,50
mzz,900
naa,30
nab,720
nac,6220
naf,16000
nag,30000
naj,13000
nak,13000
nal,5140
nam,180
nan,27100000
nao,770
nap,5700000
naq,200000
nar,6120
nas,20000
nat,20000
nau,10300
nav,169000
naw,14000
nax,280
nay,160
naz,1400
nba,222000
nbb,7340
nbc,62400
nbd,4200
nbe,248000
nbh,60000
nbi,81000
nbj,370
nbk,170
nbl,2490000
nbm,88000
nbn,500
nbo,1000
nbp,3000
nbq,4400
nbr,40000
nbs,8310
nbu,61200
nbv,8000
nby,150
nca,6900
ncb,10100
ncc,630
ncd,10000
nce,600
ncf,1840
ncg,2360
nch,196000
ncj,60000
nck,57
ncl,3000
ncm,710
ncn,420
nco,6000
ncp,2980
ncq,65000
ncr,13200
ncs,3000
nct,3600
ncu,69000
ncx,16000
ncz,6
nda,4530
ndb,25000
ndc,625000
ndd,19500
nde,1610000
ndg,72000
ndh,150000
ndi,62000
ndj,55000
ndk,25000
ndl,8000
ndm,6500
ndn,3000
ndo,700000
ndp,54100
ndq,22300
ndr,60400
ndt,2500
ndu,7000
ndv,43000
ndw,10200
ndx,10000
ndy,17000
ndz,20000
nea,5000
neb,50000
nee,1090
neg,74
neh,10000
nej,640
nek,130
nem,910
nen,8720
neo,1200
nep,16160600
neq,13000
ner,500
nes,6790
net,750
nev,3960
new,879600
nex,300
ney,9200
nez,100
nfa,5000
nfd,15000
nfl,8400
nfr,61000
nfu,24700
nga,1010000
ngb,250000
ngc,150000
ngd,5000
nge,18800
ngg,29000
ngh,5
ngi,80000
ngj,37000
ngk,11
ngl,1630000
ngn,22000
ngo,170000
ngp,132000
ngq,55000
ngr,210
ngs,20000
ngt,12900
ngu,125000
ngw,10000
ngx,2000
ngy,1400
ngz,45000
nhb,17000
nhc,30
nhd,2060
nhe,410000
nhg,3500
nhh,20400
nhi,17100
nhk,5140
nhm,18700
nhn,40000
nho,1750
nhp,6800
nhq,7000
nhr,18000
nht,430
nhu,40000
nhv,310
nhw,400000
nhx,26600
nhy,8130
nhz,2470
nia,770000
nib,980
nie,5160
nif,2000
nih,246000
nii,12000
nij,890000
nik,7500
nim,613000
nin,35000
nio,130
niq,949000
nir,2000
nis,1700
nit,10000
niu,1330
niv,200
niw,350
nix,125000
niy,100000
niz,950
nja,77000
njb,33000
njd,10000
njh,170000
njj,1800
njl,900
njm,132000
njn,34200
njo,261000
njr,6
njs,500
njx,116000
njy,4400
njz,230000
nka,36200
nkb,25600
nkc,2230
nkd,3000
nke,2310
nkf,29200
nkg,430
nkh,40800
nki,23600
nkj,700
nkk,160
nkm,180
nkn,22300
nko,20400
nkq,7000
nkr,700
nks,1000
nkt,25000
nku,14400
nkv,5000
nkw,40000
nkx,4550
nkz,5000
nla,45000
nlc,16000
nld,15700000
nle,273000
nlg,11900
nli,5000
nlj,43000
nlk,10500
nll,2000
nlo,8400
nlq,1000
nlu,1800
nlv,120000
nlx,15000
nly,35
nlz,1620
nma,37300
nmb,3350
nmc,43700
nmd,3000
nme,29000
nmf,142000
nmg,9000
nmh,3200
nmj,11600
nmk,3750
nml,10000
nmm,390
nmn,2000
nmo,3700
nmq,90000
nms,800
nmt,940
nmu,1
nmw,1100
nmx,1200
nmy,5000
nmz,146000
nna,310
nnb,903000
nnc,81000
nnd,8700
nne,13100
nnf,2020
nng,22300
nnh,250000
nni,500
nnj,24420
nnk,2500
nnl,13000
nnm,6000
nnn,10000
nno,5080000
nnp,49100
nnq,220000
nnr,24
nns,10000
nnu,8200
nnw,147000
nnz,10000
noa,4000
nob,5080000
noc,900
nod,6000000
noe,2150000
nof,6700
nog,87100
noh,400
noi,100000
noj,3
nol,38
nop,2300
noq,4080
nor,5080000
nos,75000
not,6500
nou,12900
now,400000
noy,36
noz,9070
npa,600
npg,4500
nph,123000
npi,20980000
npl,92000
npn,530
npo,16700
nps,2500
npu,3000
npx,250
npy,6100
nqg,200000
nqk,25000
nql,900
nqm,1200
nqn,250
nqq,9000
nqy,1000
nra,8240
nrb,108000
nre,21000
nrf,1700
nrg,160
nri,83600
nrk,18
nrl,26
nru,47000
nrz,3000
nsa,84300
nsd,210000
nse,405000
nsf,24000
nsg,200
nsh,9200
nsk,620
nsl,2500
nsm,104000
nsn,7000
nso,13720000
nsp,20000
nss,2900
nst,60000
nsu,25000
nsv,15000
nsw,520
nsx,50000
nsy,3000
ntd,5000
nte,25000
nti,2400
ntj,1000
ntk,36000
ntm,61000
nto,100000
ntp,6200
ntr,10900
ntu,4280
ntx,4000
nty,1100
ntz,7030
nua,2400
nud,180
nue,5100
nuf,12000
nuh,350
nui,9200
nuj,530000
nuk,130
num,1000
nun,400
nuo,1000
nup,1000000
nuq,750
nur,550
nus,740000
nut,969000
nuu,16000
nuv,45000
nuw,50
nux,6300
nuy,110
nuz,1550
nvh,5
nvm,1200
nvo,3900
nwb,42700
nwe,73200
nwi,4500
nwm,1630
nwr,190
nxa,15000
nxd,220000
nxe,50000
nxg,60000
nxk,2000
nxl,1500
nxo,1000
nxq,300000
nxr,5150
nxx,1630
nya,6500000
nyb,6400
nyc,69000
nyd,311000
nye,9380
nyf,944000
nyg,8400
nyh,63
nyi,142000
nyj,150000
nyk,300000
nym,1320000
nyn,3370000
nyo,969000
nyp,20
nyq,7030
nyr,10000
nys,240
nyu,262000
nyw,50000
nyy,1080000
nza,40000
nzb,120000
nzi,299000
nzk,50000
nzm,34100
nzs,20200
nzy,18500
nzz,3000
oaa,47
oac,8
obk,2760
obo,60000
obu,3420
oca,54
oci,110000
ocu,100
oda,20
odk,58400
odu,18000
ofu,10000
ogb,200000
ogc,170000
ogg,10000
ogo,200000
ogu,12000
oia,1220
oin,1300
ojb,20000
ojc,8000
ojg,25900
oji,93710
ojs,10500
ojv,2370
ojw,10000
oka,190
okb,50000
okd,3600
oke,25400
oki,79000
okk,150
okn,3200
okr,248000
oks,10000
oku,87000
okv,35000
okx,8700
ola,1170
old,597000
ole,500
olk,5
olo,25600
olr,5
olu,70000
oma,85
omb,5000
omg,10
omi,91000
oml,8400
omo,1170
omt,50
omw,7000
onb,600000
one,180
ong,13700
oni,500
onj,150
onk,300
onn,1200
ono,40
onp,1000
onr,2000
ons,11000
ont,3000
onu,750
ood,14000
oog,10300
oon,94
oor,32000
opa,30000
opk,400
opm,8000
opo,1120
opy,2
ora,38
orc,66300
ore,220
org,75000
orh,1200
ori,32656870
orm,17465900
oro,13000
orr,5000
ort,400000
oru,6000
orw,2
orx,75000
ory,32100000
orz,500
osa,10
osi,300000
oso,19000
oss,451000
ost,400
osu,200
otd,78800
ote,88500
otl,290
otm,49300
otn,10000
otq,33000
otr,10000
ots,20000
ott,37000
otw,7100
otx,12000
otz,460
oua,20000
oub,4150
oue,1000
ovd,2400
owi,330
oyb,23500
oyd,40940
oym,530
oyy,370
ozm,40000
pab,2000
pac,16000
pad,290
pae,28000
pag,1160000
pah,580
pai,4000
pak,900
pam,1900000
pan,28200000
pao,700
pap,135000
paq,3000
par,20
pas,400
pat,420
pau,14000
pav,1930
paw,10
pay,990
pbb,40000
pbc,4700
pbe,2000
pbf,500
pbg,20
pbh,3540
pbi,30000
pbl,5690
pbo,158000
pbp,6300
pbr,95000
pbs,7370
pbt,6000000
pbu,18700000
pbv,243000
pby,250
pca,4000
pcb,1670
pcc,2600000
pcd,500000
pce,258000
pcf,9520
pcg,94000
pch,135000
pci,51200
pck,64100
pcl,49300
pcm,30000000
pcn,8100
pcp,17
pcw,17300
pda,1070
pdc,118000
pdn,280
pdo,5000
pdt,80000
pdu,133000
pea,20000
ped,1390
pee,350
pei,2230
pej,1
pek,1060
pel,30000
pem,420000
pep,290
pes,50100000
pex,10000
pez,10000
pfa,1320
pfe,15000
pga,820000
pgg,17000
pgi,2140
pgk,380
pgu,3310
pgz,30000
pha,26800
phd,1010
phg,15100
phh,5000
phk,2000
phl,10000
pho,35600
phq,350
phr,2500000
pht,470000
phu,200000
phw,290
pia,650
pib,4000
pic,1000
pid,14500
pif,2500
pig,500
pih,430
pil,450000
pin,100
pio,4930
pip,25000
pir,1430
pis,331400
piu,1690
piv,1660
piw,29000
pix,100
piy,5000
piz,180
pjt,3160
pkb,95000
pkg,1090
pkh,2400
pko,633000
pkp,700
pkr,1370
pkt,500
pku,3500
pla,1500
plb,120
plc,12000
ple,10000
plg,4000
plh,50
plj,22000
plk,352000
pll,148000
pln,500
plo,1
plr,8000
pls,8440
plt,7520000
plu,1290
plv,12000
plw,14400
ply,500
plz,5500
pma,6000
pmb,21000
pme,290
pmf,137000
pmi,35000
pmj,19000
pmm,38700
pmn,30
pmo,2000
pmq,340
pmr,50
pms,700000
pmt,4000
pmx,51000
pmy,1100000
pna,450
pnb,90700000
pnc,9000
pne,3400
png,30000
pnh,200
pni,2630
pnl,260
pnm,30
pnn,600
pnp,6000
pnq,5000
pnr,420
pns,10
pnt,400000
pnu,1080
pnw,98
pnx,1000
pny,24600
pnz,82000
poc,35000
poe,3690
pof,46000
poh,92200
poi,26000
pok,100
pol,37400000
pom,1
pon,29000
poo,2
pop,40
poq,1
por,218765470
pos,3030
pot,50
pov,839000
pow,3000
poy,185000
ppe,70
ppi,100
ppk,20000
ppl,1300
ppm,600
ppn,120
ppo,3000
ppp,8400
ppq,50
pps,4730
ppt,2000
pqa,8000
pqm,490
prc,3500
prd,350000
pre,200
prf,15000
prg,50
pri,7250
prk,400000
prm,1180
prn,8000
prp,151000
prq,300
prs,7600000
prt,20000
pru,700
prw,430
prx,37700
prz,19
psa,6500
psd,75
pse,1590000
psg,1000
psh,100000
psi,180000
psn,800
pso,38000
psp,100000
psq,360
psr,52000
pss,4000
pst,6520000
psw,1200
pta,600
pti,320
ptn,10600
pto,150
ptp,1700
ptq,200000
ptr,150
ptt,50000
ptu,22000
ptv,1300
pty,1000
pua,135000
pub,500
puc,200
pud,370
puf,140
pug,14300
pui,2000
puj,2000
pum,6690
puo,18000
pup,120
pur,2
pus,38292800
put,6000
puu,152000
puw,1360
pux,35
pwa,4000
pwb,3500
pwg,3000
pwm,6680
pwn,66100
pwo,210000
pwr,426000
pww,60000
pxm,8090
pye,20000
pys,15000
pyu,8490
pyy,600
pzn,1500
qua,34
qub,40000
qud,25000
que,7734620
quf,20000
qug,800000
quh,1610000
quk,7000
qul,116000
qum,8000
qun,6
qup,1550
qur,20500
qus,60000
quv,15000
quw,20000
qux,6500
quy,900000
quz,1500000
qva,90000
qvc,30000
qve,200000
qvh,72400
qvi,150000
qvj,30500
qvl,7000
qvm,83400
qvn,60000
qvo,10000
qvp,250
qvs,15000
qvw,250000
qvy,7000
qvz,8000
qwa,4000
qwh,336000
qws,6500
qxa,10000
qxc,6000
qxh,50000
qxl,14300
qxn,250000
qxo,250000
qxq,949000
qxr,100000
qxs,81300
qxt,10000
qxu,18600
qxw,25000
raa,6260
rab,83200
rac,200
rad,177000
raf,4650
rag,618000
rah,165000
rai,10300
raj,12904000
rak,1970
ral,900
ram,2500
ran,1100
rao,6000
rap,1000
raq,530
rar,13100
ras,35700
rau,460
rav,20300
raw,62000
ray,300
raz,5000
rbk,9700
rbl,300000
rbp,5
rcf,450000
rea,590
reb,5000
ree,3030
reg,86000
rei,22000
rej,350000
rel,60000
ren,18000
res,44000
rey,250
rga,75
rge,30
rgr,14
rgs,41000
rgu,12000
rhg,800000
rhp,1430
ria,76500
rif,1270000
ril,12500
rim,801000
rin,50000
rir,45000
rit,32
riu,14000
rjg,6000
rji,3760
rjs,168300
rka,4200
rkb,40
rkh,320
rki,1820000
rkm,135000
rkt,10325000
rma,740
rmb,36
rmc,123000
rme,90000
rmf,10000
rmh,290
rmi,50
rmk,630
rml,13600
rmm,1700
rmn,101000
rmo,80000
rmp,1590
rms,24600
rmt,280000
rmx,200
rmy,246000
rmz,150000
rnd,153000
rng,423000
rnl,8000
rnn,1100
rnp,7500
rnw,18000
rob,340000
roc,3000
roe,450
rog,52900
roh,40000
rol,94000
rom,1501320
ron,24150840
roo,4320
rop,14200
ror,4000
rou,21500
row,7000
rpn,90
rpt,330
rri,18
rro,15000
rsb,78000
rsl,121000
rsm,3
rtc,4000
rth,500
rtm,9000
rtw,451000
rub,84000
ruc,190000
rue,560000
ruf,692000
rug,25870
rui,200000
ruk,100000
run,10000000
ruo,1400
rup,50000
ruq,3000
rus,153612510
rut,30400
ruu,4000
ruy,6630
ruz,5090
rwa,640
rwk,90000
rwm,42600
rwo,11500
rwr,5600000
rxd,14
ryn,10000
ryu,984000
rzh,62900
saa,1340
sab,18000
sac,250
sad,60000
sae,7
saf,5000
sag,4950000
sah,450000
saj,7500
sak,8000
san,208100
sao,250
saq,237000
sas,2100000
sat,5940000
sau,4800
sav,200000
saw,3500
sax,2500
say,300000
saz,185000
sba,1320000
sbb,2700
sbc,1460
sbd,85000
sbe,2500
sbf,400
sbg,1200
sbh,770
sbi,160
sbj,7890
sbk,158000
sbl,32900
sbm,79000
sbn,56500
sbp,75000
sbq,250
sbr,3180
sbs,23000
sbt,500
sbu,2500
sbw,100
sbx,37000
sby,34100
sbz,13600
scb,1050
sce,200000
scf,3
scg,45000
sch,25000
sci,46000
sck,3290000
scl,528000
scn,4700000
sco,1589200
scp,10200
scq,10
scs,230
sct,40000
scu,2170
scv,6
scw,3000
sda,750000
sdb,10000
sdc,100000
sde,7170
sdg,3000
sdh,3000000
sdj,183000
sdk,2850
sdm,20000
sdn,100000
sdo,49100
sdp,3100
sdr,166000
sdu,4000
sdx,420
sea,10000
seb,100000
sec,4
sed,97000
see,100
sef,862000
seg,7000
seh,1370000
sei,900
sek,30
sel,1020
sen,50000
seo,140
sep,35000
seq,50000
ser,5
ses,430000
set,30000
seu,1200
sev,60000
sew,1520
sey,490
sez,33000
sfb,4000
sfe,7000
sfm,84000
sfs,235000
sfw,305000
sgb,8200
sgc,1916000
sgd,400000
sge,2000
sgg,5500
sgh,40000
sgi,10000
sgj,1460000
sgk,1500
sgp,2500
sgr,36000
sgs,500000
sgt,5000
sgu,50
sgw,1480000
sgx,200
sgy,2200
sgz,3000
sha,8900
shb,800
shc,96000
shd,700
she,43820
shg,2000
shh,1000
shi,3890000
shj,30000
shk,175000
shn,3200000
sho,6000
shp,26000
shq,23500
shr,654000
shs,200
shu,1320000
shv,25000
shw,3500
shx,910
shy,1400000
shz,155000
sib,1730
sid,3081000
sie,16700
sif,17400
sig,36000
sii,400
sij,200
sik,33
sil,105000
sim,5700
sin,16000000
sip,70300
siq,400
siu,330
siv,80
six,2580
siy,7030
siz,20000
sja,3500
sjb,6000
sjd,350
sje,20
sjg,23500
sjl,6500
sjm,43000
sjo,30000
sjp,1220000
sjr,2080
sjs,50000
sjt,350
sju,20
sjw,320
ska,100
skb,3730
skc,1500
skd,7
ske,300
skf,25
skg,1210000
ski,175000
skj,700
skm,1300
skn,20000
sko,2500
skp,750
skq,6000
skr,20000000
sks,4350
skt,75000
sku,4000
skv,700
skx,5000
sky,730
skz,450
slc,1300
sld,13000
sle,24000
slf,300
slg,640
slh,210
slj,240
slk,4750000
sll,6500
slm,35200
slp,180000
slr,70000
sls,3000
slt,1770
slu,8000
slv,1910000
slw,400
slx,60000
sly,128000
slz,4000
sma,300
smb,3040
smc,80
smd,24200
sme,20000
smf,410
smg,450
smh,20000
smj,1500
smk,56200
sml,90000
smm,50000
smn,300
smo,169000
smq,900
sms,300
smt,10200
smu,4100
smw,300000
smx,4200
smy,60000
smz,3000
sna,8960000
snb,7000
snc,18000
snd,22700000
sne,29200
snf,32900
sng,431000
snj,34500
snk,1280000
snl,15000
snm,60000
snn,200
sno,10
snp,29000
snq,30000
snr,570
sns,600
snu,250
snv,1110
snw,11300
snx,780
sny,1300
snz,500
soa,32300
sob,1000
soc,6000
sod,1300
soe,50000
soh,300
soi,580
soj,7030
sok,5000
sol,3200
som,7820000
soo,13000
sop,1000000
soq,2200
sor,7410
sos,16000
sot,2110000
sou,4500000
sov,360
sow,970
sox,9000
soy,1350
soz,30000
spa,436667750
spb,2600
spc,5
spd,550
spe,700
spg,50
spk,520
spl,7000
spm,650
spn,980
spo,2
spp,350000
spq,2700
spr,10200
sps,1400
spt,10000
spu,2400
spv,519000
spy,241000
sqa,5000
sqi,4082380
sqk,3000
sqm,50000
sqo,10000
sqq,2360
sqs,12800
sqt,57000
squ,7
sra,130
srb,253000
src,500000
srd,1200000
sre,4000
srf,160
srg,14000
srh,16000
sri,200
srk,400
srl,1800
srm,14100
srn,367300
sro,500000
srp,6340000
srq,400
srr,1380000
srs,170
srt,100
sru,1010
srv,185000
srx,400000
sry,510
ssb,200000
ssc,113000
ssd,1310
sse,80000
ssf,5
ssg,1240
ssh,21600
ssi,60000
ssj,93
ssk,560
ssl,30000
ssm,670
ssn,12600
sso,300
ssp,45000
ssq,10000
ssr,1700
sss,118000
sst,50100
ssu,10
ssv,450
ssw,980000
ssx,3130
ssy,253000
ssz,1750
stb,85400
std,150
ste,3000
stf,180
stg,15000
sti,45000
stj,105000
stk,970
stm,280
stn,8410
sto,3160
stp,10600
stq,2000
str,107
sts,1000
stt,40000
stu,9550
stv,935000
stw,500
sty,101000
sua,2500
sub,50000
suc,125000
sue,3600
sug,350
sui,3510
suj,153000
suk,7300000
sun,34000000
suq,26900
sur,150000
sus,906000
suv,20000
suw,191000
suy,350
suz,39760
sva,14000
svb,2800
svc,138000
sve,330
svk,15000
svm,1000
svs,2420
swa,15993010
swb,132000
swc,9101000
swe,12362250
swh,47000000
swi,300000
swj,39400
swk,468000
swl,10000
swm,90
swo,9
swp,20800
swq,5100
swr,300
sws,2840
swt,3000
swu,5000
swv,3000000
sww,20
swx,140
swy,2000
sxb,139000
sxe,1000
sxg,1800
sxn,200000
sxr,10
sxs,12500
sxu,2000000
sxw,175000
sya,60000
syb,140000
syi,1000
syk,14800
syl,8500000
sym,38000
syn,60
syo,860
syr,809970
sys,12300
syw,1500
syx,1000
syy,140
sza,4100
szb,10000
szc,2000
sze,3000
szg,17000
szl,522000
szn,20000
szp,1100
szv,800
szw,12000
taa,15
tab,126000
tac,9230
tad,300
tae,100
taf,560
tag,13000
tah,63000
taj,1213500
tak,1000
tal,10000
tam,68700000
tan,200000
tao,3380
tap,250000
taq,378000
tar,29700
tat,4280000
tau,100
tav,400
taw,900
tax,500
tay,84300
taz,2650
tba,180
tbd,630
tbe,15
tbf,4000
tbg,6000
tbi,93000
tbj,790
tbk,10000
tbl,95300
tbm,17000
tbn,300
tbo,20000
tbp,300
tbs,740
tbt,150000
tbv,2230
tbw,10000
tbx,2350
tby,15000
tbz,88300
tca,32600
tcb,60
tcc,87800
tcd,4400
tce,140
tcf,37500
tcg,3500
tch,10700
tci,700
tck,2000
tcm,500
tcn,2420
tco,40000
tcp,700
tcq,220
tcs,6040
tct,20000
tcu,5410
tcw,540
tcx,1560
tcy,1720000
tcz,243000
tda,26900
tdb,194000
tdc,2300
tdd,540000
tde,4200
tdf,29100
tdg,356500
tdh,22300
tdi,600
tdj,12000
tdk,3000
tdl,5000
tdm,3
tdn,92000
tdo,4000
tdq,3420
tdr,6000
tds,70
tdt,385000
tdv,3930
tdx,1300000
tdy,2940
tea,15000
tec,301000
ted,28300
tee,3000
tef,2080
teg,90000
tei,520
tek,167000
tel,79244300
tem,1870000
teo,2360000
teq,13000
ter,15800
tes,80000
tet,400000
teu,50
tev,1100
tew,1500
tex,10000
tey,2500
tfi,85100
tfn,11
tfo,100
tfr,3300
tft,62000
tga,100000
tgb,4000
tgc,6000
tgd,2000
tge,3980
tgf,1500
tgh,300000
tgi,550
tgj,38200
tgk,7863920
tgl,24628290
tgn,100000
tgo,2000
tgp,800
tgq,550
tgr,5000
tgs,900
tgt,2000
tgu,3000
tgw,138000
tgx,2
tgz,1
tha,60200000
thd,29
the,285000
thf,23580
thh,1
thi,4800
thk,176000
thl,500000
thm,450
thn,3000
thp,130
thq,258000
thr,336000
ths,6000
tht,45
thu,6600
thw,1800
thy,1000
thz,250000
tia,1000
tic,40000
tif,3600
tig,1390000
tii,24500
tij,20
tik,110000
tim,11000
tin,2150
tio,5000
tip,300
tiq,1000
tir,4467000
tit,2
tiu,4000
tiv,2210000
tiw,1740
tix,1600
tiy,50000
tiz,85000
tja,18000
tjg,50000
tji,70000
tjl,100000
tjo,6000
tjs,1500
tjw,7
tkb,43000
tkd,39500
tke,181000
tkg,1130000
tkl,1070
tkn,5100
tkp,1800
tkr,11700
tks,374000
tkt,106000
tku,3270
tkv,1000
tkw,800
tkx,100
tkz,6000
tla,8700
tlb,27700
tlc,500
tld,82000
tlf,5400
tlg,250
tli,1030
tlj,101000
tlk,550
tll,750000
tlm,900
tln,1200
tlo,1500
tlp,15100
tlq,4460
tlr,12500
tls,50
tlt,17000
tlu,18800
tlv,4520
tlx,1620
tly,68700
tma,62900
tmb,700
tmc,25200
tmd,2000
tmf,1680
tmh,1628000
tmi,500
tmj,400
tmk,67200
tml,290
tmm,20000
tmn,30000
tmq,790
tmt,150
tmu,600
tmv,5000
tmy,2100
tna,1820
tnb,700
tnc,300
tng,30000
tnh,3040
tnk,3500
tnl,11500
tnm,3750
tnn,5000
tnp,7500
tnr,2500
tns,30
tnt,150000
tnv,21600
tnw,20000
tnx,1
tny,13000
tnz,350
tob,40000
toc,48100
tod,220000
tof,1050
tog,271000
toh,224000
toi,1330000
toj,54200
tol,2
tom,60000
ton,104000
too,3000
top,80000
toq,100000
tor,12000
tos,120000
tou,68400
tow,1790
tox,22
toy,450
tpa,1280
tpc,590
tpf,630
tpg,5000
tpi,4122000
tpj,110
tpl,7500
tpm,16000
tpo,3300
tpp,4000
tpq,610
tpr,340
tpt,3000
tpu,31000
tpv,10
tpx,40200
tpy,51
tpz,3900
tqb,150
tql,250
tqm,5
tqn,50
tqo,23000
tqp,700
tqq,20000
tqt,1610
tqu,1870
trb,130
trc,25000
trd,2000
tre,6110
trf,1000000
trg,6230
trh,25
tri,800
trj,8460
trl,460
trm,3500
trn,5500
tro,870
trp,778000
trq,2000
trr,1
trs,4060
trt,500
tru,15000
trv,20000
trw,80000
trx,850
tsa,20000
tsb,19200
tsc,866000
tsd,1500
tse,21200
tsg,900000
tsh,2300
tsi,160
tsj,80600
tsk,12600
tsl,10000
tsn,1860000
tso,5680000
tsp,19500
tsq,51000
tsr,650
tss,20000
tst,3000
tsu,2130
tsv,9000
tsw,100000
tsx,1730
tsy,500
tsz,40000
ttb,10000
ttc,4900
ttd,7000
tte,2400
ttf,1000
ttg,16600
tth,30900
tti,100
ttj,846000
ttl,1120
ttm,210
ttn,120
tto,15800
ttp,1100
ttq,450000
ttr,101000
tts,15000000
ttt,22800
ttu,600
ttv,5100
ttw,600
tty,2000
ttz,4790
tua,460
tub,5
tuc,3500
tue,350
tuf,2500
tug,2260
tuh,2000
tui,130000
tuj,2590
tuk,7097970
tul,30000
tum,1180000
tun,32
tuo,4600
tuq,28500
tur,71463470
tus,7
tuv,989000
tuy,140000
tuz,37000
tva,1960
tvd,130000
tvk,3700
tvl,10000
tvm,1050
tvn,400000
tvo,46000
tvs,21000
tvt,25000
tvu,40000
tvw,900
twb,6810
twe,4000
twf,1070
twg,800
twh,280000
twl,60000
twn,30
two,5380
twp,1400
twq,8000
twr,100
twu,30000
tww,360
twx,250000
twy,20000
txe,25000
txi,310
txm,30000
txn,7910
txo,1400
txq,20000
txs,90000
txt,8000
txu,7100
txx,10000
txy,639000
tya,350
tye,14000
tyh,300
tyi,95900
tyj,300
tyl,200
tyn,4000
tyr,80000
tys,300
tyu,820
tyv,254000
tyz,1630000
tza,278000
tzh,273000
tzj,83800
tzm,2340000
tzn,1200
tzo,235000
tzx,2080
uan,2500
uar,4500
uba,11100
ubi,1100
ubl,73600
ubr,2560
ubu,34200
uda,10000
ude,100
udg,3370
udi,3800
udj,1030
udl,10500
udm,324000
udu,22000
ues,1000
ufi,550
uge,1200
ugn,160000
ugo,150
ugy,7000
uha,13600
uhn,14000
uig,10100000
uis,2500
uiv,1000
uji,8540
uka,600
ukg,170
ukh,2000
ukk,4500
ukl,54000
ukp,21500
ukq,100
ukr,32600000
uku,14100
ukw,150000
ula,1000
ulb,10000
ulc,150
ulf,110
uli,3000
ulk,210
ulm,30000
uln,10
ulu,3000
ulw,350
uma,25
umb,6000000
umi,120
umm,20000
umn,4000
umo,1
ump,12
ums,4500
umu,7
una,630
une,19800
ung,57
unk,320
unn,26
unr,1110000
unu,7
unx,469000
unz,25000
upi,290
upv,9000
ura,3000
urb,800
urd,109100000
ure,2
urg,1400
urh,546000
uri,3740
urk,5000
urm,370
urn,400
uro,1900
urp,200
urr,250
urt,6280
urw,2250
urx,800
ury,1600
urz,87
usa,1300
ush,2000
usk,10000
usp,2000
usu,270
uta,15000
ute,1640
utp,590
utr,10000
utu,580
uum,90000
uun,2
uur,6
uuu,40000
uve,2220
uvh,2500
uvl,5500
uwa,40
uzb,29333900
uzn,22200000
uzs,2910000
vaa,9300
vae,5400
vaf,18000
vag,13900
vah,6970000
vai,167000
vaj,54000
val,70
vam,2670
van,1740
vao,1900
vap,40000
var,2840
vas,1200000
vau,6700
vav,600000
vay,1520
vbb,4460
vbk,2470
vec,3800000
vem,10000
ven,2910000
vep,1640
ver,104000
vgr,3660
vgt,5000
vic,52300
vid,32000
vie,65800000
vif,11000
vig,8000
vin,10000
vis,150
viv,6000
vkj,1000
vkk,40000
vkl,22000
vko,1500
vkp,750
vkt,210000
vku,10
vlp,300
vls,1070000
vma,5
vmc,16000
vme,520
vmg,600
vmj,6380
vmk,625000
vmm,1800
vmp,27500
vmq,220
vmr,505000
vmw,3170000
vmx,1550
vmy,3700
vmz,12000
vnk,4
vnm,500
vnp,380
vot,68
vra,300
vro,87000
vrs,5160
vrt,900
vsi,17500
vsv,6000
vto,630
vum,5000
vun,300000
vut,20000
vwa,98000
waa,25
wab,120
wac,58
wad,5000
wae,10000
wag,1020
wah,4000
wai,200
waj,1300
wal,1799800
wan,22000
wao,3
wap,6000
waq,10
war,2560000
was,10
wat,360
wau,320
wav,5000
waw,2020
wax,590
way,500
waz,530
wba,28100
wbb,1500
wbe,150
wbf,4500
wbh,24000
wbi,28000
wbj,30000
wbk,11500
wbl,17000
wbm,40000
wbp,2510
wbq,172000
wbr,2510000
wbs,37000
wbt,4
wbv,89
wbw,1800
wca,6000
wci,366000
wdd,10000
wdg,950
wdj,5
wec,25200
wed,2200
weg,5
weh,8000
wei,490
wem,169000
weo,6000
wer,4160
wes,2000000
wet,280
weu,5000
wew,55000
wfg,230
wgb,600
wgi,39000
wgo,1000
wgu,2
wha,7000
whg,47000
whk,8000
whu,500
wib,19500
wic,1
wig,100
wih,12
wii,100
wij,40
wik,86
wim,1660
win,250
wiu,15300
wiv,8800
wja,60000
wji,77700
wkb,10000
wkd,550
wkl,750
wku,1000
wkw,2
wla,230
wlc,40000
wlg,16
wli,3000
wll,9000
wln,600000
wlo,65000
wlr,100
wls,7660
wlv,25000
wlw,20000
wlx,84800
wmb,89
wmc,220
wmd,330
wme,13500
wmh,18400
wmm,50000
wmo,4260
wms,3000
wmt,510
wmw,120000
wmx,190
wnb,590
wnc,8200
wne,108000
wng,1180
wni,337000
wnk,10000
wno,1000
wnp,1070
wnu,1400
wny,10
wob,156000
woc,1620
wod,5000
woe,1630
wof,226000
wog,700
woi,6000
wok,2400
wol,5210000
wom,5000
won,12700
woo,9110
wor,5
wos,7200
wow,30000
wpc,2500
wra,300
wrd,5000
wrh,100
wrk,59
wrl,47
wrm,310
wrn,1100
wro,20
wrp,6000
wrr,84
wrs,2500
wru,350
wrv,600
wrx,3000
wry,3900000
wsa,620
wsg,300000
wsi,300
wsk,20000
wsr,350
wss,273000
wtf,510
wti,1646500
wtk,350
wtm,645000
wtw,500
wua,30
wub,30
wuh,2000
wul,5000
wum,18300
wun,36000
wut,900
wuu,80100000
wuv,1560
wuy,300
wwa,68600
wwo,200
www,3000
wxa,300000
wyb,4
wym,70
wyr,8
wyy,83000
xab,6
xac,59000
xal,80500
xan,224000
xao,10000
xat,10
xau,400
xav,9600
xaw,5
xay,1300
xbi,2970
xbr,240000
xby,7
xdo,6000
xdy,520000
xed,25000
xem,11000
xer,1810
xes,770
xeu,5970
xhe,15600
xho,19150000
xhv,3000
xii,87
xis,141000
xiy,1
xka,5100
xkb,30000
xkd,1500
xke,500
xkf,65000
xkg,15000
xki,340000
xkk,3370
xkl,12000
xkn,2000
xko,2360
xkq,500
xks,3400
xkt,2300
xku,1500
xkv,65400
xkw,20
xkx,550
xky,1250
xkz,15000
xla,800
xma,20000
xmb,1490
xmc,300000
xmd,6000
xmf,344000
xmg,20000
xmh,20
xmj,500
xml,58700
xmm,2350000
xmo,100
xmt,1250
xmv,156000
xmw,1615000
xmx,600
xmz,14000
xnb,4
xnh,1000
xni,5
xnn,70000
xnr,1700000
xns,1400
xny,3
xnz,50000
xod,3700
xog,2960000
xoi,320
xok,760
xom,10000
xon,831000
xop,540
xor,26
xow,25
xpe,760000
xpk,32
xra,1900
xrb,35000
xri,680
xru,5
xrw,63
xsb,70000
xse,1000
xsi,3500
xsl,530
xsm,83600
xsn,20100
xsp,180
xsq,212000
xsr,153180
xsu,4610
xsy,4750
xta,10000
xtb,3790
xtc,75000
xtd,3410
xte,9970
xti,1110
xtj,370
xtl,3250
xtm,7350
xtn,5790
xtp,240
xts,34
xtt,390
xtu,1880
xty,10600
xua,2500
xub,32000
xug,5000
xuj,35000
xuo,12300
xuu,4000
xvi,18000
xwa,7
xwe,50500
xwg,5161
xwk,100
xwl,50000
xwr,300
xxk,40000
yaa,750
yab,400
yac,5000
yad,5000
yae,7900
yaf,700000
yag,1
yah,9000
yai,12000
yaj,26500
yak,25
yal,55500
yam,80000
yan,8000
yao,1760000
yap,5130
yaq,17600
yar,20
yas,35000
yat,3700
yau,640
yav,2300
yaw,8
yax,17100
yay,20000
yaz,120000
yba,200000
ybb,300000
ybe,4600
ybh,21090
ybi,9210
ybj,3000
ybk,10000
ybl,15000
ybm,700
ybo,1500
ybx,66
yby,2000
ych,3300
ycl,380000
ycn,1800
ycp,2000
ydd,634000
yde,180
ydg,6150
ydk,770
yea,26900
yee,300
yel,33000
yer,300000
yes,70000
yet,1400
yeu,69500
yev,60
yey,4180
ygl,45
ygm,280
ygp,100000
ygr,21100
ygs,5000
ygw,10000
yha,600
yhd,100000
yhl,36000
yhs,10
yia,2
yid,1551280
yif,35000
yig,500000
yii,150
yij,310
yik,30000
yim,92100
yin,12000
yip,30000
yiq,30000
yir,1500
yis,800
yit,38000
yiu,20000
yiv,160000
yix,100000
yiz,54000
yka,106000
ykg,370
yki,200
ykk,100
ykl,21000
ykm,3460
ykn,5000
yko,1490
ykr,1050
ykt,5000
yku,1000
yky,100000
yla,1210
ylb,1330
yle,3750
ylg,160
yli,15000
yll,2470
ylm,29000
yln,300
ylo,15000
ylu,500
yly,1960
ymb,1080
ymc,26000
ymd,2000
ymg,13000
ymh,23000
ymi,2000
ymk,22000
yml,2800
ymm,1750000
ymn,560
ymo,730
ymp,1580
ymq,1500
ymr,7760
ymx,9000
ymz,10000
yna,25000
yne,2000
yng,3000
ynk,60
ynl,400
yno,12600
ynq,50000
yns,100000
yog,16000
yoi,800
yok,50
yom,669000
yon,6000
yor,20900000
yot,3000
yox,950
yoy,5000
ypa,12000
ypb,17000
ypg,13000
yph,1300
ypm,8000
ypn,10000
ypo,500
ypp,3000
ypz,6000
yra,380
yrb,750
yre,40000
yrk,21900
yrl,10300
yrn,380
yro,430
yrs,200
yrw,130
ysd,400
ysg,2000
ysl,10000
ysn,100000
yso,36000
ysp,190000
yss,1990
ysy,8000
yta,13600
ytl,950
ytp,200
ytw,270
yua,735000
yuc,16
yud,30000
yue,62000000
yuf,690
yug,1
yui,1100
yuj,1140
yul,4000
yum,170
yun,95000
yup,3000
yuq,120
yur,12
yut,9000
yuw,1700
yux,370
yuy,4000
yuz,2680
yva,10000
yvt,1
ywa,1370
ywl,38000
ywn,520
ywq,250000
ywt,213000
ywu,150000
yyu,200
yyz,50
yzg,600
yzk,13000
zaa,4000
zab,28000
zac,15000
zad,5000
zae,2900
zaf,880
zag,180000
zah,100
zai,85000
zak,100000
zal,2100
zam,1000
zao,6500
zap,441182
zaq,3400
zar,29200
zas,5500
zat,2000
zau,12000
zav,2500
zaw,19500
zax,340
zay,18500
zbc,1500
zbe,1100
zbt,2900
zbw,1000
zca,4880
zch,1080000
zdj,384000
zeg,1820
zeh,1200000
zen,200
zga,140000
zgb,1500000
zgm,173000
zgn,1000000
zgr,100
zha,14936200
zhb,7800
zhd,100000
zhn,500000
zho,1281751240
zhw,2000
zia,4500
zib,280000
zik,1500
zil,25000
zim,20100
zin,138000
ziw,355000
ziz,6000
zka,2200
zkd,30000
zkn,9000
zkr,600
zlj,1560000
zlm,13500000
zln,48000
zlq,370000
zma,25
zmb,120000
zmd,10
zmf,8400
zmg,53
zmj,20
zmm,10
zmn,2000
zmo,100
zmp,165000
zmq,50900
zmr,5
zms,8400
zmt,6
zmw,11000
zmx,14000
zmy,20
zmz,352000
zna,5000
zng,2660
zns,100
zoc,10000
zoh,4500
zom,61000
zoo,100
zoq,12
zor,2100
zos,20000
zpa,5000
zpb,250
zpc,12000
zpd,6000
zpe,8000
zpf,14800
zpg,4720
zph,260
zpi,2000
zpj,4000
zpk,53
zpl,6500
zpm,7000
zpn,2240
zpo,10000
zpp,900
zpq,1000
zpr,2500
zps,500
zpt,3380
zpu,3500
zpv,2720
zpw,770
zpx,1500
zpy,2200
zpz,4630
zqe,140000
zrg,60000
zrn,2240
zro,5
zrs,3300
zsa,600
zsl,14400
zsm,13500000
zsr,12000
zsu,1160
zte,200
ztg,2500
ztl,4200
ztm,59
ztn,1000
ztp,75000
ztq,4000
zts,5000
ztt,50
ztu,9500
ztx,550
zty,5000
zua,400
zuh,6000
zul,27300000
zum,3000
zun,9430
zwa,4880
zyb,1980000
zyg,765000
zyj,870000
zyn,1800000
zyp,17000
zza,1684000
zzj,1500000
